NaN,0.00237529691211401
NaN,0.00475059382422803
NaN,0.00712589073634204
NaN,0.00950118764845606
NaN,0.0118764845605701
NaN,0.0142517814726841
NaN,0.0166270783847981
NaN,0.0190023752969121
NaN,0.0213776722090261
NaN,0.0237529691211401
NaN,0.0261282660332542
NaN,0.0285035629453682
NaN,0.0308788598574822
NaN,0.0332541567695962
NaN,0.0356294536817102
NaN,0.0380047505938242
NaN,0.0403800475059382
NaN,0.0427553444180523
NaN,0.0451306413301663
NaN,0.0475059382422803
NaN,0.0498812351543943
NaN,0.0522565320665083
NaN,0.0546318289786223
NaN,0.0570071258907363
NaN,0.0593824228028504
NaN,0.0617577197149644
NaN,0.0641330166270784
NaN,0.0665083135391924
NaN,0.0688836104513064
NaN,0.0712589073634204
NaN,0.0736342042755344
NaN,0.0760095011876485
NaN,0.0783847980997625
NaN,0.0807600950118765
NaN,0.0831353919239905
NaN,0.0855106888361045
NaN,0.0878859857482185
NaN,0.0902612826603325
NaN,0.0926365795724466
NaN,0.0950118764845606
NaN,0.0973871733966746
NaN,0.0997624703087886
NaN,0.102137767220903
NaN,0.104513064133017
NaN,0.106888361045131
NaN,0.109263657957245
NaN,0.111638954869359
NaN,0.114014251781473
NaN,0.116389548693587
NaN,0.118764845605701
NaN,0.121140142517815
NaN,0.123515439429929
NaN,0.125890736342043
NaN,0.128266033254157
NaN,0.130641330166271
NaN,0.133016627078385
NaN,0.135391923990499
NaN,0.137767220902613
NaN,0.140142517814727
NaN,0.142517814726841
NaN,0.144893111638955
NaN,0.147268408551069
NaN,0.149643705463183
NaN,0.152019002375297
NaN,0.154394299287411
NaN,0.156769596199525
NaN,0.159144893111639
NaN,0.161520190023753
NaN,0.163895486935867
NaN,0.166270783847981
NaN,0.168646080760095
NaN,0.171021377672209
NaN,0.173396674584323
NaN,0.175771971496437
NaN,0.178147268408551
NaN,0.180522565320665
NaN,0.182897862232779
NaN,0.185273159144893
NaN,0.187648456057007
NaN,0.190023752969121
NaN,0.192399049881235
NaN,0.194774346793349
NaN,0.197149643705463
NaN,0.199524940617577
NaN,0.201900237529691
NaN,0.204275534441805
NaN,0.206650831353919
NaN,0.209026128266033
NaN,0.211401425178147
NaN,0.213776722090261
NaN,0.216152019002375
NaN,0.218527315914489
NaN,0.220902612826603
NaN,0.223277909738717
NaN,0.225653206650831
NaN,0.228028503562945
NaN,0.230403800475059
NaN,0.232779097387173
NaN,0.235154394299287
NaN,0.237529691211401
NaN,0.239904988123515
NaN,0.242280285035629
NaN,0.244655581947743
NaN,0.247030878859857
NaN,0.249406175771971
NaN,0.251781472684086
NaN,0.2541567695962
NaN,0.256532066508314
NaN,0.258907363420428
NaN,0.261282660332542
NaN,0.263657957244656
NaN,0.26603325415677
NaN,0.268408551068884
NaN,0.270783847980998
NaN,0.273159144893112
NaN,0.275534441805226
NaN,0.27790973871734
NaN,0.280285035629454
NaN,0.282660332541568
NaN,0.285035629453682
NaN,0.287410926365796
NaN,0.28978622327791
NaN,0.292161520190024
NaN,0.294536817102138
NaN,0.296912114014252
NaN,0.299287410926366
NaN,0.30166270783848
NaN,0.304038004750594
NaN,0.306413301662708
NaN,0.308788598574822
NaN,0.311163895486936
NaN,0.31353919239905
NaN,0.315914489311164
NaN,0.318289786223278
NaN,0.320665083135392
NaN,0.323040380047506
NaN,0.32541567695962
NaN,0.327790973871734
NaN,0.330166270783848
NaN,0.332541567695962
NaN,0.334916864608076
NaN,0.33729216152019
NaN,0.339667458432304
NaN,0.342042755344418
NaN,0.344418052256532
NaN,0.346793349168646
NaN,0.34916864608076
NaN,0.351543942992874
NaN,0.353919239904988
NaN,0.356294536817102
NaN,0.358669833729216
NaN,0.36104513064133
NaN,0.363420427553444
NaN,0.365795724465558
NaN,0.368171021377672
NaN,0.370546318289786
NaN,0.3729216152019
NaN,0.375296912114014
NaN,0.377672209026128
NaN,0.380047505938242
NaN,0.382422802850356
NaN,0.38479809976247
NaN,0.387173396674584
NaN,0.389548693586698
NaN,0.391923990498812
NaN,0.394299287410926
NaN,0.39667458432304
NaN,0.399049881235154
NaN,0.401425178147268
NaN,0.403800475059382
NaN,0.406175771971496
NaN,0.40855106888361
NaN,0.410926365795724
NaN,0.413301662707838
NaN,0.415676959619952
NaN,0.418052256532067
NaN,0.420427553444181
NaN,0.422802850356295
NaN,0.425178147268409
NaN,0.427553444180523
NaN,0.429928741092637
NaN,0.432304038004751
NaN,0.434679334916865
NaN,0.437054631828979
NaN,0.439429928741093
NaN,0.441805225653207
NaN,0.444180522565321
NaN,0.446555819477435
NaN,0.448931116389549
NaN,0.451306413301663
NaN,0.453681710213777
NaN,0.456057007125891
NaN,0.458432304038005
NaN,0.460807600950119
NaN,0.463182897862233
NaN,0.465558194774347
NaN,0.467933491686461
NaN,0.470308788598575
NaN,0.472684085510689
NaN,0.475059382422803
NaN,0.477434679334917
NaN,0.479809976247031
NaN,0.482185273159145
NaN,0.484560570071259
NaN,0.486935866983373
NaN,0.489311163895487
NaN,0.491686460807601
NaN,0.494061757719715
NaN,0.496437054631829
NaN,0.498812351543943
NaN,0.501187648456057
NaN,0.503562945368171
NaN,0.505938242280285
NaN,0.508313539192399
NaN,0.510688836104513
NaN,0.513064133016627
NaN,0.515439429928741
NaN,0.517814726840855
NaN,0.520190023752969
NaN,0.522565320665083
NaN,0.524940617577197
NaN,0.527315914489311
NaN,0.529691211401425
NaN,0.532066508313539
NaN,0.534441805225653
NaN,0.536817102137767
NaN,0.539192399049881
NaN,0.541567695961995
NaN,0.543942992874109
NaN,0.546318289786223
NaN,0.548693586698337
NaN,0.551068883610451
NaN,0.553444180522565
NaN,0.555819477434679
NaN,0.558194774346793
NaN,0.560570071258907
NaN,0.562945368171021
NaN,0.565320665083135
NaN,0.567695961995249
NaN,0.570071258907363
NaN,0.572446555819477
NaN,0.574821852731591
NaN,0.577197149643705
NaN,0.57957244655582
NaN,0.581947743467934
NaN,0.584323040380047
NaN,0.586698337292161
NaN,0.589073634204275
NaN,0.59144893111639
NaN,0.593824228028504
NaN,0.596199524940618
NaN,0.598574821852732
NaN,0.600950118764846
NaN,0.60332541567696
NaN,0.605700712589074
NaN,0.608076009501188
NaN,0.610451306413302
NaN,0.612826603325416
NaN,0.61520190023753
NaN,0.617577197149644
NaN,0.619952494061758
NaN,0.622327790973872
NaN,0.624703087885986
NaN,0.6270783847981
NaN,0.629453681710214
NaN,0.631828978622328
NaN,0.634204275534442
NaN,0.636579572446556
NaN,0.63895486935867
NaN,0.641330166270784
NaN,0.643705463182898
NaN,0.646080760095012
NaN,0.648456057007126
NaN,0.65083135391924
NaN,0.653206650831354
NaN,0.655581947743468
NaN,0.657957244655582
NaN,0.660332541567696
NaN,0.66270783847981
NaN,0.665083135391924
NaN,0.667458432304038
NaN,0.669833729216152
NaN,0.672209026128266
NaN,0.67458432304038
NaN,0.676959619952494
NaN,0.679334916864608
NaN,0.681710213776722
NaN,0.684085510688836
NaN,0.68646080760095
NaN,0.688836104513064
NaN,0.691211401425178
NaN,0.693586698337292
NaN,0.695961995249406
NaN,0.69833729216152
NaN,0.700712589073634
NaN,0.703087885985748
NaN,0.705463182897862
NaN,0.707838479809976
NaN,0.71021377672209
NaN,0.712589073634204
NaN,0.714964370546318
NaN,0.717339667458432
NaN,0.719714964370546
NaN,0.72209026128266
NaN,0.724465558194774
NaN,0.726840855106888
NaN,0.729216152019002
NaN,0.731591448931116
NaN,0.73396674584323
NaN,0.736342042755344
NaN,0.738717339667458
NaN,0.741092636579572
NaN,0.743467933491686
NaN,0.745843230403801
NaN,0.748218527315915
NaN,0.750593824228028
NaN,0.752969121140142
NaN,0.755344418052256
NaN,0.757719714964371
NaN,0.760095011876485
NaN,0.762470308788599
NaN,0.764845605700713
NaN,0.767220902612827
NaN,0.769596199524941
NaN,0.771971496437055
NaN,0.774346793349169
NaN,0.776722090261283
NaN,0.779097387173397
NaN,0.781472684085511
NaN,0.783847980997625
NaN,0.786223277909739
NaN,0.788598574821853
NaN,0.790973871733967
NaN,0.793349168646081
NaN,0.795724465558195
NaN,0.798099762470309
NaN,0.800475059382423
NaN,0.802850356294537
NaN,0.805225653206651
NaN,0.807600950118765
NaN,0.809976247030879
NaN,0.812351543942993
NaN,0.814726840855107
NaN,0.817102137767221
NaN,0.819477434679335
NaN,0.821852731591449
NaN,0.824228028503563
NaN,0.826603325415677
NaN,0.828978622327791
NaN,0.831353919239905
NaN,0.833729216152019
NaN,0.836104513064133
NaN,0.838479809976247
NaN,0.840855106888361
NaN,0.843230403800475
NaN,0.845605700712589
NaN,0.847980997624703
NaN,0.850356294536817
NaN,0.852731591448931
NaN,0.855106888361045
NaN,0.857482185273159
NaN,0.859857482185273
NaN,0.862232779097387
NaN,0.864608076009501
NaN,0.866983372921615
NaN,0.869358669833729
NaN,0.871733966745843
NaN,0.874109263657957
NaN,0.876484560570071
NaN,0.878859857482185
NaN,0.881235154394299
NaN,0.883610451306413
NaN,0.885985748218527
NaN,0.888361045130641
NaN,0.890736342042755
NaN,0.893111638954869
NaN,0.895486935866983
NaN,0.897862232779097
NaN,0.900237529691211
NaN,0.902612826603325
NaN,0.904988123515439
NaN,0.907363420427553
NaN,0.909738717339667
NaN,0.912114014251782
NaN,0.914489311163896
NaN,0.916864608076009
NaN,0.919239904988123
NaN,0.921615201900237
NaN,0.923990498812352
NaN,0.926365795724466
NaN,0.92874109263658
NaN,0.931116389548694
NaN,0.933491686460808
NaN,0.935866983372922
NaN,0.938242280285036
NaN,0.94061757719715
NaN,0.942992874109264
NaN,0.945368171021378
NaN,0.947743467933492
NaN,0.950118764845606
NaN,0.95249406175772
NaN,0.954869358669834
NaN,0.957244655581948
NaN,0.959619952494062
NaN,0.961995249406176
NaN,0.96437054631829
NaN,0.966745843230404
NaN,0.969121140142518
NaN,0.971496437054632
NaN,0.973871733966746
NaN,0.97624703087886
NaN,0.978622327790974
NaN,0.980997624703088
NaN,0.983372921615202
NaN,0.985748218527316
NaN,0.98812351543943
NaN,0.990498812351544
NaN,0.992874109263658
NaN,0.995249406175772
NaN,0.997624703087886
NaN,1
NaN,1.00237529691211
NaN,1.00475059382423
NaN,1.00712589073634
NaN,1.00950118764846
NaN,1.01187648456057
NaN,1.01425178147268
NaN,1.0166270783848
NaN,1.01900237529691
NaN,1.02137767220903
NaN,1.02375296912114
NaN,1.02612826603325
NaN,1.02850356294537
NaN,1.03087885985748
NaN,1.0332541567696
NaN,1.03562945368171
NaN,1.03800475059382
NaN,1.04038004750594
NaN,1.04275534441805
NaN,1.04513064133017
NaN,1.04750593824228
NaN,1.04988123515439
NaN,1.05225653206651
NaN,1.05463182897862
NaN,1.05700712589074
NaN,1.05938242280285
NaN,1.06175771971496
NaN,1.06413301662708
NaN,1.06650831353919
NaN,1.06888361045131
NaN,1.07125890736342
NaN,1.07363420427553
NaN,1.07600950118765
NaN,1.07838479809976
NaN,1.08076009501188
NaN,1.08313539192399
NaN,1.0855106888361
NaN,1.08788598574822
NaN,1.09026128266033
NaN,1.09263657957245
NaN,1.09501187648456
NaN,1.09738717339667
NaN,1.09976247030879
NaN,1.1021377672209
NaN,1.10451306413302
NaN,1.10688836104513
NaN,1.10926365795724
NaN,1.11163895486936
NaN,1.11401425178147
NaN,1.11638954869359
NaN,1.1187648456057
NaN,1.12114014251781
NaN,1.12351543942993
NaN,1.12589073634204
NaN,1.12826603325416
NaN,1.13064133016627
NaN,1.13301662707838
NaN,1.1353919239905
NaN,1.13776722090261
NaN,1.14014251781473
NaN,1.14251781472684
NaN,1.14489311163895
NaN,1.14726840855107
NaN,1.14964370546318
NaN,1.1520190023753
NaN,1.15439429928741
NaN,1.15676959619953
NaN,1.15914489311164
NaN,1.16152019002375
NaN,1.16389548693587
NaN,1.16627078384798
NaN,1.16864608076009
NaN,1.17102137767221
NaN,1.17339667458432
NaN,1.17577197149644
NaN,1.17814726840855
NaN,1.18052256532067
NaN,1.18289786223278
NaN,1.18527315914489
NaN,1.18764845605701
NaN,1.19002375296912
NaN,1.19239904988124
NaN,1.19477434679335
NaN,1.19714964370546
NaN,1.19952494061758
NaN,1.20190023752969
NaN,1.20427553444181
NaN,1.20665083135392
NaN,1.20902612826603
NaN,1.21140142517815
NaN,1.21377672209026
NaN,1.21615201900238
NaN,1.21852731591449
NaN,1.2209026128266
NaN,1.22327790973872
NaN,1.22565320665083
NaN,1.22802850356295
NaN,1.23040380047506
NaN,1.23277909738717
NaN,1.23515439429929
NaN,1.2375296912114
NaN,1.23990498812352
NaN,1.24228028503563
NaN,1.24465558194774
NaN,1.24703087885986
NaN,1.24940617577197
NaN,1.25178147268409
NaN,1.2541567695962
NaN,1.25653206650831
NaN,1.25890736342043
NaN,1.26128266033254
NaN,1.26365795724466
NaN,1.26603325415677
NaN,1.26840855106888
NaN,1.270783847981
NaN,1.27315914489311
NaN,1.27553444180523
NaN,1.27790973871734
NaN,1.28028503562945
NaN,1.28266033254157
NaN,1.28503562945368
NaN,1.2874109263658
NaN,1.28978622327791
NaN,1.29216152019002
NaN,1.29453681710214
NaN,1.29691211401425
NaN,1.29928741092637
NaN,1.30166270783848
NaN,1.30403800475059
NaN,1.30641330166271
NaN,1.30878859857482
NaN,1.31116389548694
NaN,1.31353919239905
NaN,1.31591448931116
NaN,1.31828978622328
NaN,1.32066508313539
NaN,1.32304038004751
NaN,1.32541567695962
NaN,1.32779097387173
NaN,1.33016627078385
NaN,1.33254156769596
NaN,1.33491686460808
NaN,1.33729216152019
NaN,1.3396674584323
NaN,1.34204275534442
NaN,1.34441805225653
NaN,1.34679334916865
NaN,1.34916864608076
NaN,1.35154394299287
NaN,1.35391923990499
NaN,1.3562945368171
NaN,1.35866983372922
NaN,1.36104513064133
NaN,1.36342042755344
NaN,1.36579572446556
NaN,1.36817102137767
NaN,1.37054631828979
NaN,1.3729216152019
NaN,1.37529691211401
NaN,1.37767220902613
NaN,1.38004750593824
NaN,1.38242280285036
NaN,1.38479809976247
NaN,1.38717339667458
NaN,1.3895486935867
NaN,1.39192399049881
NaN,1.39429928741093
NaN,1.39667458432304
NaN,1.39904988123515
NaN,1.40142517814727
NaN,1.40380047505938
NaN,1.4061757719715
NaN,1.40855106888361
NaN,1.41092636579572
NaN,1.41330166270784
NaN,1.41567695961995
NaN,1.41805225653207
NaN,1.42042755344418
NaN,1.42280285035629
NaN,1.42517814726841
NaN,1.42755344418052
NaN,1.42992874109264
NaN,1.43230403800475
NaN,1.43467933491686
NaN,1.43705463182898
NaN,1.43942992874109
NaN,1.44180522565321
NaN,1.44418052256532
NaN,1.44655581947743
NaN,1.44893111638955
NaN,1.45130641330166
NaN,1.45368171021378
NaN,1.45605700712589
NaN,1.458432304038
NaN,1.46080760095012
NaN,1.46318289786223
NaN,1.46555819477435
NaN,1.46793349168646
NaN,1.47030878859857
NaN,1.47268408551069
NaN,1.4750593824228
NaN,1.47743467933492
NaN,1.47980997624703
NaN,1.48218527315914
NaN,1.48456057007126
NaN,1.48693586698337
NaN,1.48931116389549
NaN,1.4916864608076
NaN,1.49406175771972
NaN,1.49643705463183
NaN,1.49881235154394
NaN,1.50118764845606
NaN,1.50356294536817
NaN,1.50593824228028
NaN,1.5083135391924
NaN,1.51068883610451
NaN,1.51306413301663
NaN,1.51543942992874
NaN,1.51781472684086
NaN,1.52019002375297
NaN,1.52256532066508
NaN,1.5249406175772
NaN,1.52731591448931
NaN,1.52969121140143
NaN,1.53206650831354
NaN,1.53444180522565
NaN,1.53681710213777
NaN,1.53919239904988
NaN,1.541567695962
NaN,1.54394299287411
NaN,1.54631828978622
NaN,1.54869358669834
NaN,1.55106888361045
NaN,1.55344418052257
NaN,1.55581947743468
NaN,1.55819477434679
NaN,1.56057007125891
NaN,1.56294536817102
NaN,1.56532066508314
NaN,1.56769596199525
NaN,1.57007125890736
NaN,1.57244655581948
NaN,1.57482185273159
NaN,1.57719714964371
NaN,1.57957244655582
NaN,1.58194774346793
NaN,1.58432304038005
NaN,1.58669833729216
NaN,1.58907363420428
NaN,1.59144893111639
NaN,1.5938242280285
NaN,1.59619952494062
NaN,1.59857482185273
NaN,1.60095011876485
NaN,1.60332541567696
NaN,1.60570071258907
NaN,1.60807600950119
NaN,1.6104513064133
NaN,1.61282660332542
NaN,1.61520190023753
NaN,1.61757719714964
NaN,1.61995249406176
NaN,1.62232779097387
NaN,1.62470308788599
NaN,1.6270783847981
NaN,1.62945368171021
NaN,1.63182897862233
NaN,1.63420427553444
NaN,1.63657957244656
NaN,1.63895486935867
NaN,1.64133016627078
NaN,1.6437054631829
NaN,1.64608076009501
NaN,1.64845605700713
NaN,1.65083135391924
NaN,1.65320665083135
NaN,1.65558194774347
NaN,1.65795724465558
NaN,1.6603325415677
NaN,1.66270783847981
NaN,1.66508313539192
NaN,1.66745843230404
NaN,1.66983372921615
NaN,1.67220902612827
NaN,1.67458432304038
NaN,1.67695961995249
NaN,1.67933491686461
NaN,1.68171021377672
NaN,1.68408551068884
NaN,1.68646080760095
NaN,1.68883610451306
NaN,1.69121140142518
NaN,1.69358669833729
NaN,1.69596199524941
NaN,1.69833729216152
NaN,1.70071258907363
NaN,1.70308788598575
NaN,1.70546318289786
NaN,1.70783847980998
NaN,1.71021377672209
NaN,1.7125890736342
NaN,1.71496437054632
NaN,1.71733966745843
NaN,1.71971496437055
NaN,1.72209026128266
NaN,1.72446555819477
NaN,1.72684085510689
NaN,1.729216152019
NaN,1.73159144893112
NaN,1.73396674584323
NaN,1.73634204275534
NaN,1.73871733966746
NaN,1.74109263657957
NaN,1.74346793349169
NaN,1.7458432304038
NaN,1.74821852731591
NaN,1.75059382422803
NaN,1.75296912114014
NaN,1.75534441805226
NaN,1.75771971496437
NaN,1.76009501187648
NaN,1.7624703087886
NaN,1.76484560570071
NaN,1.76722090261283
NaN,1.76959619952494
NaN,1.77197149643705
NaN,1.77434679334917
NaN,1.77672209026128
NaN,1.7790973871734
NaN,1.78147268408551
NaN,1.78384798099762
NaN,1.78622327790974
NaN,1.78859857482185
NaN,1.79097387173397
NaN,1.79334916864608
NaN,1.79572446555819
NaN,1.79809976247031
NaN,1.80047505938242
NaN,1.80285035629454
NaN,1.80522565320665
NaN,1.80760095011876
NaN,1.80997624703088
NaN,1.81235154394299
NaN,1.81472684085511
NaN,1.81710213776722
NaN,1.81947743467933
NaN,1.82185273159145
NaN,1.82422802850356
NaN,1.82660332541568
NaN,1.82897862232779
NaN,1.83135391923991
NaN,1.83372921615202
NaN,1.83610451306413
NaN,1.83847980997625
NaN,1.84085510688836
NaN,1.84323040380047
NaN,1.84560570071259
NaN,1.8479809976247
NaN,1.85035629453682
NaN,1.85273159144893
NaN,1.85510688836105
NaN,1.85748218527316
NaN,1.85985748218527
NaN,1.86223277909739
NaN,1.8646080760095
NaN,1.86698337292162
NaN,1.86935866983373
NaN,1.87173396674584
NaN,1.87410926365796
NaN,1.87648456057007
NaN,1.87885985748219
NaN,1.8812351543943
NaN,1.88361045130641
NaN,1.88598574821853
NaN,1.88836104513064
NaN,1.89073634204276
NaN,1.89311163895487
NaN,1.89548693586698
NaN,1.8978622327791
NaN,1.90023752969121
NaN,1.90261282660333
NaN,1.90498812351544
NaN,1.90736342042755
NaN,1.90973871733967
NaN,1.91211401425178
NaN,1.9144893111639
NaN,1.91686460807601
NaN,1.91923990498812
NaN,1.92161520190024
NaN,1.92399049881235
NaN,1.92636579572447
NaN,1.92874109263658
NaN,1.93111638954869
NaN,1.93349168646081
NaN,1.93586698337292
NaN,1.93824228028504
NaN,1.94061757719715
NaN,1.94299287410926
NaN,1.94536817102138
NaN,1.94774346793349
NaN,1.95011876484561
NaN,1.95249406175772
NaN,1.95486935866983
NaN,1.95724465558195
NaN,1.95961995249406
NaN,1.96199524940618
NaN,1.96437054631829
NaN,1.9667458432304
NaN,1.96912114014252
NaN,1.97149643705463
NaN,1.97387173396675
NaN,1.97624703087886
NaN,1.97862232779097
NaN,1.98099762470309
NaN,1.9833729216152
NaN,1.98574821852732
NaN,1.98812351543943
NaN,1.99049881235154
NaN,1.99287410926366
NaN,1.99524940617577
NaN,1.99762470308789
NaN,2
NaN,2.00950118764846
NaN,2.01900237529691
NaN,2.02850356294537
NaN,2.03800475059382
NaN,2.04750593824228
NaN,2.05700712589074
NaN,2.06650831353919
NaN,2.07600950118765
NaN,2.0855106888361
NaN,2.09501187648456
NaN,2.10451306413302
NaN,2.11401425178147
NaN,2.12351543942993
NaN,2.13301662707838
NaN,2.14251781472684
NaN,2.1520190023753
NaN,2.16152019002375
NaN,2.17102137767221
NaN,2.18052256532067
NaN,2.19002375296912
NaN,2.19952494061758
NaN,2.20902612826603
NaN,2.21852731591449
NaN,2.22802850356295
NaN,2.2375296912114
NaN,2.24703087885986
NaN,2.25653206650831
NaN,2.26603325415677
NaN,2.27553444180523
NaN,2.28503562945368
NaN,2.29453681710214
NaN,2.30403800475059
NaN,2.31353919239905
NaN,2.32304038004751
NaN,2.33254156769596
NaN,2.34204275534442
NaN,2.35154394299287
NaN,2.36104513064133
NaN,2.37054631828979
NaN,2.38004750593824
NaN,2.3895486935867
NaN,2.39904988123515
NaN,2.40855106888361
NaN,2.41805225653207
NaN,2.42755344418052
NaN,2.43705463182898
NaN,2.44655581947743
NaN,2.45605700712589
NaN,2.46555819477435
NaN,2.4750593824228
NaN,2.48456057007126
NaN,2.49406175771971
NaN,2.50356294536817
NaN,2.51306413301663
NaN,2.52256532066508
NaN,2.53206650831354
NaN,2.541567695962
NaN,2.55106888361045
NaN,2.56057007125891
NaN,2.57007125890736
NaN,2.57957244655582
NaN,2.58907363420428
NaN,2.59857482185273
NaN,2.60807600950119
NaN,2.61757719714964
NaN,2.6270783847981
NaN,2.63657957244656
NaN,2.64608076009501
NaN,2.65558194774347
NaN,2.66508313539192
NaN,2.67458432304038
NaN,2.68408551068884
NaN,2.69358669833729
NaN,2.70308788598575
NaN,2.7125890736342
NaN,2.72209026128266
NaN,2.73159144893112
NaN,2.74109263657957
NaN,2.75059382422803
NaN,2.76009501187648
NaN,2.76959619952494
NaN,2.7790973871734
NaN,2.78859857482185
NaN,2.79809976247031
NaN,2.80760095011876
NaN,2.81710213776722
NaN,2.82660332541568
NaN,2.83610451306413
NaN,2.84560570071259
NaN,2.85510688836105
NaN,2.8646080760095
NaN,2.87410926365796
NaN,2.88361045130641
NaN,2.89311163895487
NaN,2.90261282660333
NaN,2.91211401425178
NaN,2.92161520190024
NaN,2.93111638954869
NaN,2.94061757719715
NaN,2.95011876484561
NaN,2.95961995249406
NaN,2.96912114014252
NaN,2.97862232779097
NaN,2.98812351543943
NaN,2.99762470308789
5.75325719037478,3.00712589073634
5.76642947392668,3.0166270783848
5.77960373643433,3.02612826603325
5.79277987875289,3.03562945368171
5.80595780395292,3.04513064133017
5.81913741726508,3.05463182897862
5.83231862602625,3.06413301662708
5.84550133962735,3.07363420427553
5.8586854694626,3.08313539192399
5.87187092888025,3.09263657957245
5.88505763313471,3.1021377672209
5.89824549934007,3.11163895486936
5.91143444642489,3.12114014251781
5.92462439508829,3.13064133016627
5.9378152677573,3.14014251781473
5.95100698854534,3.14964370546318
5.96419948321191,3.15914489311164
5.97739267912335,3.16864608076009
5.99058650521473,3.17814726840855
6.00378089195236,3.18764845605701
6.01697577129642,3.19714964370546
6.03017107668383,3.20665083135392
6.04336674293952,3.21615201900238
6.05656270631893,3.22565320665083
6.06975893819103,3.23515439429929
6.08295588383031,3.24465558194774
6.09615364865856,3.2541567695962
6.10935216837717,3.26365795724466
6.12255138000378,3.27315914489311
6.13575122187077,3.28266033254157
6.1489516335898,3.29216152019002
6.16215255602286,3.30166270783848
6.17535393125411,3.31116389548694
6.18855570256243,3.32066508313539
6.2017578143947,3.33016627078385
6.21496021233978,3.3396674584323
6.22816284310309,3.34916864608076
6.24136565448197,3.35866983372922
6.25456859534152,3.36817102137767
6.26777161559114,3.37767220902613
6.28097466616167,3.38717339667458
6.29417769898306,3.39667458432304
6.30738066696262,3.4061757719715
6.32058352396386,3.41567695961995
6.33378622478574,3.42517814726841
6.34698872514257,3.43467933491686
6.36019098164431,3.44418052256532
6.37339295177742,3.45368171021378
6.38659459388611,3.46318289786223
6.39979586715415,3.47268408551069
6.412996731587,3.48218527315914
6.42619714799446,3.4916864608076
6.43939707797374,3.50118764845606
6.45259648389285,3.51068883610451
6.46579532887455,3.52019002375297
6.47899357678046,3.52969121140142
6.4921911921958,3.53919239904988
6.50538814041428,3.54869358669834
6.51858438742347,3.55819477434679
6.53177989989047,3.56769596199525
6.54497464514794,3.57719714964371
6.55816859118042,3.58669833729216
6.57136170661102,3.59619952494062
6.58455396068838,3.60570071258907
6.59774532327394,3.61520190023753
6.6109357648295,3.62470308788599
6.62412525640512,3.63420427553444
6.63731376962719,3.6437054631829
6.65050127668688,3.65320665083135
6.66368775032881,3.66270783847981
6.67687316383995,3.67220902612827
6.69005749103882,3.68171021377672
6.70324070626488,3.69121140142518
6.71642278436826,3.70071258907363
6.72960370069955,3.71021377672209
6.74278343110002,3.71971496437055
6.75596195189189,3.729216152019
6.76913923986884,3.73871733966746
6.78231527228427,3.74821852731591
6.79549002684991,3.75771971496437
6.80866348173308,3.76722090261283
6.82183561549604,3.77672209026128
6.83500640717186,3.78622327790974
6.84817583619507,3.79572446555819
6.8613438824114,3.80522565320665
6.8745107236541,3.81472684085511
6.88767663344106,3.82422802850356
6.9008415925851,3.83372921615202
6.91400557953242,3.84323040380047
6.9271685731013,3.85273159144893
6.94033055253694,3.86223277909739
6.95349149747713,3.87173396674584
6.96665138794825,3.8812351543943
6.97981020435851,3.89073634204276
6.99296792749082,3.90023752969121
7.00612453849582,3.90973871733967
7.01928001888497,3.91923990498812
7.03243435052393,3.92874109263658
7.04558751562595,3.93824228028504
7.05873949674544,3.94774346793349
7.0718902767717,3.95724465558195
7.08503983892276,3.9667458432304
7.09818816673932,3.97624703087886
7.11133524407886,3.98574821852732
7.12448105510984,3.99524940617577
7.13762558430604,4.00475059382423
7.15076881644097,4.01425178147268
7.16391073658248,4.02375296912114
7.17705133008737,4.0332541567696
7.19019058259623,4.04275534441805
7.20332848002824,4.05225653206651
7.21646500857624,4.06175771971497
7.22960015470172,4.07125890736342
7.24273390513009,4.08076009501188
7.2558662468459,4.09026128266033
7.26899716708823,4.09976247030879
7.28212665334615,4.10926365795724
7.29525469335429,4.1187648456057
7.30838127508846,4.12826603325416
7.32150638676137,4.13776722090261
7.33463001681845,4.14726840855107
7.34775215393377,4.15676959619953
7.36087278700596,4.16627078384798
7.3739919051543,4.17577197149644
7.38710949771485,4.18527315914489
7.40022555423659,4.19477434679335
7.41334006447778,4.20427553444181
7.42645301840225,4.21377672209026
7.43956440617586,4.22327790973872
7.45267421816293,4.23277909738717
7.46578244492285,4.24228028503563
7.47888907720666,4.25178147268409
7.49199410595375,4.26128266033254
7.5050975222886,4.270783847981
7.51819931751761,4.28028503562945
7.53129948312591,4.28978622327791
7.54439801077438,4.29928741092637
7.55749489229652,4.30878859857482
7.57059011969559,4.31828978622328
7.58368368514166,4.32779097387173
7.59677558096876,4.33729216152019
7.60986579967211,4.34679334916865
7.62295433390532,4.3562945368171
7.63604117647779,4.36579572446556
7.64912632035195,4.37529691211401
7.66220975864076,4.38479809976247
7.67529148460513,4.39429928741093
7.68837149165137,4.40380047505938
7.70144977332885,4.41330166270784
7.71452632332746,4.42280285035629
7.72760113547535,4.43230403800475
7.74067420373652,4.44180522565321
7.75374552220861,4.45130641330166
7.76681508512062,4.46080760095012
7.77988288683073,4.47030878859857
7.7929489218241,4.47980997624703
7.80601318471081,4.48931116389549
7.81907567022376,4.49881235154394
7.83213637321482,4.5083135391924
7.84519528865774,4.51781472684086
7.85825241164196,4.52731591448931
7.87130773738723,4.53681710213777
7.88436126117905,4.54631828978622
7.89741297846115,4.55581947743468
7.91046288477143,4.56532066508314
7.92351097575616,4.57482185273159
7.93655724716354,4.58432304038005
7.94960169484783,4.5938242280285
7.96264431476544,4.60332541567696
7.97568510297333,4.61282660332542
7.98872406961812,4.62232779097387
8.00176144291173,4.63182897862233
8.01479730034537,4.64133016627078
8.02783163691173,4.65083135391924
8.04086444771416,4.6603325415677
8.05389572793708,4.66983372921615
8.06692547291891,4.67933491686461
8.07995367805121,4.68883610451306
8.09298033884124,4.69833729216152
8.10600545089878,4.70783847980998
8.11902900992749,4.71733966745843
8.13205101172628,4.72684085510689
8.14507145218777,4.73634204275534
8.15809032729681,4.7458432304038
8.17110763312904,4.75534441805226
8.18412336584944,4.76484560570071
8.19713752171093,4.77434679334917
8.21015009705298,4.78384798099762
8.22316108830029,4.79334916864608
8.23617049196139,4.80285035629454
8.24917830462736,4.81235154394299
8.26218452297053,4.82185273159145
8.27518914374322,4.83135391923991
8.28819216377648,4.84085510688836
8.30119357997882,4.85035629453682
8.31419338933508,4.85985748218527
8.3271915889052,4.86935866983373
8.340188175823,4.87885985748219
8.35318314729513,4.88836104513064
8.36617650059984,4.8978622327791
8.37916823308594,4.90736342042755
8.39215834217166,4.91686460807601
8.40514682534357,4.92636579572447
8.41813368015557,4.93586698337292
8.43111890422779,4.94536817102138
8.44410249524559,4.95486935866983
8.45708445095854,4.96437054631829
8.47006476917943,4.97387173396675
8.48304344778332,4.9833729216152
8.49602048470652,4.99287410926366
8.5089958779457,5.00237529691211
8.52196962555692,5.01187648456057
8.53494172565474,5.02137767220903
8.5479121764113,5.03087885985748
8.56088097605546,5.04038004750594
8.57384812287188,5.04988123515439
8.5868136152002,5.05938242280285
8.59977745143421,5.06888361045131
8.61273963002092,5.07838479809976
8.62570014945988,5.08788598574822
8.63865900830229,5.09738717339667
8.6516162051502,5.10688836104513
8.66457173865576,5.11638954869359
8.67752560752046,5.12589073634204
8.69047781049432,5.1353919239905
8.70342834637523,5.14489311163895
8.71637721400811,5.15439429928741
8.72932441228429,5.16389548693587
8.74226994014073,5.17339667458432
8.75521379655936,5.18289786223278
8.76815598056637,5.19239904988124
8.78109649123154,5.20190023752969
8.79403532766757,5.21140142517815
8.80697248902943,5.2209026128266
8.8199079745137,5.23040380047506
8.83284178335794,5.23990498812352
8.84577391484007,5.24940617577197
8.85870436827774,5.25890736342043
8.87163314302772,5.26840855106888
8.88456023848534,5.27790973871734
8.89748565408383,5.2874109263658
8.91040938929378,5.29691211401425
8.9233314436226,5.30641330166271
8.93625181661389,5.31591448931116
8.94917050784693,5.32541567695962
8.96208751693614,5.33491686460808
8.97500284353048,5.34441805225653
8.98791648731301,5.35391923990499
9.0008284480003,5.36342042755344
9.01373872534193,5.3729216152019
9.02664731912002,5.38242280285036
9.03955422914868,5.39192399049881
9.05245945527356,5.40142517814727
9.06536299737133,5.41092636579572
9.07826485534926,5.42042755344418
9.09116502914465,5.42992874109264
9.10406351872449,5.43942992874109
9.11696032408493,5.44893111638955
9.12985544525084,5.458432304038
9.14274888227538,5.46793349168646
9.15564063523954,5.47743467933492
9.16853070425178,5.48693586698337
9.1814190894475,5.49643705463183
9.19430579098873,5.50593824228029
9.20719080906364,5.51543942992874
9.22007414388619,5.5249406175772
9.2329557956957,5.53444180522565
9.24583576475646,5.54394299287411
9.25871405135737,5.55344418052256
9.27159065581154,5.56294536817102
9.28446557845588,5.57244655581948
9.29733881965064,5.58194774346793
9.31021037977858,5.59144893111639
9.3230802592468,5.60095011876485
9.33594845848394,5.6104513064133
9.34881497794066,5.61995249406176
9.36167981808934,5.62945368171021
9.37454297942372,5.63895486935867
9.38740446245852,5.64845605700713
9.40026426774804,5.65795724465558
9.41312239581049,5.66745843230404
9.42597884724053,5.67695961995249
9.43883362263379,5.68646080760095
9.4516867226053,5.69596199524941
9.46453814778922,5.70546318289786
9.47738789883972,5.71496437054632
9.49023597642773,5.72446555819477
9.50308238124243,5.73396674584323
9.51592711399151,5.74346793349169
9.52877017540031,5.75296912114014
9.54161156621155,5.7624703087886
9.55445128718505,5.77197149643705
9.56728933909748,5.78147268408551
9.58012572274205,5.79097387173397
9.59296043892827,5.80047505938242
9.60579348848169,5.80997624703088
9.61862487224365,5.81947743467934
9.6314546374189,5.82897862232779
9.64428293235499,5.83847980997625
9.65710976832931,5.8479809976247
9.66993514560861,5.85748218527316
9.68275906447852,5.86698337292161
9.69558152524323,5.87648456057007
9.70840252822811,5.88598574821853
9.72122207377168,5.89548693586698
9.73404016221195,5.90498812351544
9.74685679396377,5.9144893111639
9.75967196940094,5.92399049881235
9.77248568893369,5.93349168646081
9.78529795298808,5.94299287410926
9.79810876200757,5.95249406175772
9.81091811645326,5.96199524940618
9.82372601680102,5.97149643705463
9.83653246354251,5.98099762470309
9.84933745718491,5.99049881235154
9.86214099825079,6
9.87494308727776,6.00950118764846
9.88774372481836,6.01900237529691
9.90054291143975,6.02850356294537
9.91334064772355,6.03800475059382
9.92613693426556,6.04750593824228
9.93893177167563,6.05700712589074
9.95172516057737,6.06650831353919
9.96451710160801,6.07600950118765
9.97730759541811,6.0855106888361
9.99009664267148,6.09501187648456
10.0028842440448,6.10451306413302
10.0156704002278,6.11401425178147
10.0284551119223,6.12351543942993
10.0412383798431,6.13301662707839
10.0540202047168,6.14251781472684
10.0668005872822,6.1520190023753
10.0795795282899,6.16152019002375
10.0923570285021,6.17102137767221
10.1051330886926,6.18052256532066
10.1179077096465,6.19002375296912
10.1306808921598,6.19952494061758
10.1434526370398,6.20902612826603
10.1562229451043,6.21852731591449
10.1689918171819,6.22802850356295
10.1817592541116,6.2375296912114
10.1945252567427,6.24703087885986
10.2072898259345,6.25653206650831
10.2200529625565,6.26603325415677
10.232814667488,6.27553444180523
10.2455749416177,6.28503562945368
10.2583337858441,6.29453681710214
10.2710912010749,6.30403800475059
10.2838471882271,6.31353919239905
10.2966017482268,6.32304038004751
10.3093548820088,6.33254156769596
10.3221065905169,6.34204275534442
10.3348568747035,6.35154394299287
10.3476057355295,6.36104513064133
10.3603531739641,6.37054631828979
10.3730991909848,6.38004750593824
10.3858437875771,6.3895486935867
10.3985869647347,6.39904988123515
10.4113287234588,6.40855106888361
10.4240690647586,6.41805225653207
10.4368079896506,6.42755344418052
10.4495454991591,6.43705463182898
10.4622815943155,6.44655581947743
10.4750162761584,6.45605700712589
10.4877495457336,6.46555819477435
10.5004814040939,6.4750593824228
10.5132118522987,6.48456057007126
10.5259408914145,6.49406175771971
10.5386685225142,6.50356294536817
10.5513947466773,6.51306413301663
10.5641195649897,6.52256532066508
10.5768429785435,6.53206650831354
10.5895649884372,6.541567695962
10.6022855957751,6.55106888361045
10.6150048016677,6.56057007125891
10.6277226072313,6.57007125890736
10.640439013588,6.57957244655582
10.6531540218656,6.58907363420428
10.6658676331973,6.59857482185273
10.6785798487219,6.60807600950119
10.6912906695837,6.61757719714964
10.7040000969321,6.6270783847981
10.7167081319216,6.63657957244656
10.7294147757121,6.64608076009501
10.7421200294682,6.65558194774347
10.7548238943596,6.66508313539192
10.7675263715608,6.67458432304038
10.780227462251,6.68408551068884
10.7929271676139,6.69358669833729
10.805625488838,6.70308788598575
10.8183224271161,6.7125890736342
10.8310179836456,6.72209026128266
10.8437121596279,6.73159144893112
10.8564049562688,6.74109263657957
10.8690963747783,6.75059382422803
10.8817864163703,6.76009501187648
10.8944750822629,6.76959619952494
10.9071623736779,6.7790973871734
10.919848291841,6.78859857482185
10.9325328379817,6.79809976247031
10.9452160133332,6.80760095011876
10.9578978191321,6.81710213776722
10.9705782566188,6.82660332541568
10.9832573270371,6.83610451306413
10.995935031634,6.84560570071259
11.00861137166,6.85510688836105
11.0212863483689,6.8646080760095
11.0339599630176,6.87410926365796
11.0466322168659,6.88361045130641
11.0593031111771,6.89311163895487
11.0719726472172,6.90261282660333
11.0846408262551,6.91211401425178
11.0973076495626,6.92161520190024
11.1099731184144,6.93111638954869
11.1226372340877,6.94061757719715
11.1352999978627,6.95011876484561
11.1479614110218,6.95961995249406
11.1606214748503,6.96912114014252
11.1732801906358,6.97862232779097
11.1859375596685,6.98812351543943
11.1985935832409,6.99762470308789
11.2112482626476,7.00712589073634
11.2239015991857,7.0166270783848
11.2365535941545,7.02612826603325
11.2492042488554,7.03562945368171
11.2618535645919,7.04513064133017
11.2745015426694,7.05463182897862
11.2871481843956,7.06413301662708
11.2997934910798,7.07363420427553
11.3124374640334,7.08313539192399
11.3250801045696,7.09263657957245
11.3377214140035,7.1021377672209
11.3503613936516,7.11163895486936
11.3630000448324,7.12114014251781
11.3756373688661,7.13064133016627
11.3882733670742,7.14014251781473
11.40090804078,7.14964370546318
11.4135413913081,7.15914489311164
11.4261734199845,7.1686460807601
11.4388041281369,7.17814726840855
11.4514335170942,7.18764845605701
11.4640615881866,7.19714964370546
11.4766883427456,7.20665083135392
11.4893137821041,7.21615201900237
11.5019379075959,7.22565320665083
11.5145607205562,7.23515439429929
11.5271822223211,7.24465558194774
11.5398024142281,7.2541567695962
11.5524212976153,7.26365795724466
11.5650388738221,7.27315914489311
11.5776551441888,7.28266033254157
11.5902701100566,7.29216152019002
11.6028837727675,7.30166270783848
11.6154961336644,7.31116389548694
11.6281071941143,7.32066508313539
11.6407169554151,7.33016627078385
11.6533254189354,7.3396674584323
11.6659325860209,7.34916864608076
11.6785384580182,7.35866983372922
11.6911430362746,7.36817102137767
11.7037463221377,7.37767220902613
11.716348316956,7.38717339667458
11.7289490220782,7.39667458432304
11.7415484388537,7.4061757719715
11.7541465686323,7.41567695961995
11.7667434127643,7.42517814726841
11.7793389726002,7.43467933491686
11.7919332494911,7.44418052256532
11.8045262447882,7.45368171021378
11.8171179598432,7.46318289786223
11.8297083960082,7.47268408551069
11.8422975546359,7.48218527315914
11.8548854370779,7.4916864608076
11.8674720446868,7.50118764845606
11.8800573788152,7.51068883610451
11.8926414408161,7.52019002375297
11.9052242320423,7.52969121140142
11.9178057538469,7.53919239904988
11.9303860075829,7.54869358669834
11.9429649946034,7.55819477434679
11.9555427162615,7.56769596199525
11.9681191739103,7.57719714964371
11.9806943689027,7.58669833729216
11.9932683025916,7.59619952494062
12.0058409763299,7.60570071258907
12.0184123914703,7.61520190023753
12.0309825493652,7.62470308788599
12.043551451367,7.63420427553444
12.0561190988279,7.6437054631829
12.0686854930998,7.65320665083135
12.0812506355344,7.66270783847981
12.0938145274831,7.67220902612827
12.1063771702969,7.68171021377672
12.1189385653267,7.69121140142518
12.131498713923,7.70071258907363
12.1440576476202,7.71021377672209
12.1566154507882,7.71971496437055
12.1691721293291,7.729216152019
12.1817276843436,7.73871733966746
12.1942821169334,7.74821852731591
12.2068354282007,7.75771971496437
12.2193876192483,7.76722090261283
12.2319386911798,7.77672209026128
12.2444886450991,7.78622327790974
12.2570374821131,7.79572446555819
12.2695852033248,7.80522565320665
12.2821318098398,7.81472684085511
12.2946773027643,7.82422802850356
12.3072216832049,7.83372921615202
12.3197649522687,7.84323040380047
12.3323071110386,7.85273159144893
12.3448481606716,7.86223277909739
12.3573881022516,7.87173396674584
12.3699269368871,7.8812351543943
12.3824646656869,7.89073634204276
12.3950012897603,7.90023752969121
12.4075368102169,7.90973871733967
12.4200712281664,7.91923990498812
12.4326045447187,7.92874109263658
12.4451367609842,7.93824228028504
12.457667878073,7.94774346793349
12.4701978970959,7.95724465558195
12.4827268191636,7.9667458432304
12.4952546453868,7.97624703087886
12.5077813768767,7.98574821852732
12.5203070147443,7.99524940617577
12.5328315601005,8.00475059382423
12.5453550140566,8.01425178147268
12.5578773777237,8.02375296912114
12.570398652213,8.0332541567696
12.5829188386356,8.04275534441805
12.5954379381027,8.05225653206651
12.6079559517253,8.06175771971497
12.6204728806144,8.07125890736342
12.632988725881,8.08076009501188
12.6455034886359,8.09026128266033
12.6580171699898,8.09976247030879
12.6705297710532,8.10926365795724
12.6830412929367,8.1187648456057
12.6955517367503,8.12826603325416
12.7080611036043,8.13776722090261
12.7205693946083,8.14726840855107
12.7330766108722,8.15676959619952
12.7455827535051,8.16627078384798
12.7580878236164,8.17577197149644
12.7705918223149,8.18527315914489
12.7830947507091,8.19477434679335
12.7955966099074,8.20427553444181
12.8080974010177,8.21377672209026
12.8205971251477,8.22327790973872
12.8330957834048,8.23277909738717
12.8455933768958,8.24228028503563
12.8580899067273,8.25178147268409
12.8705853740056,8.26128266033254
12.8830797798365,8.270783847981
12.8955731253252,8.28028503562945
12.9080654115769,8.28978622327791
12.9205566396959,8.29928741092636
12.9330468107865,8.30878859857482
12.9455359259521,8.31828978622328
12.9580239862959,8.32779097387173
12.9705109929205,8.33729216152019
12.9829969469281,8.34679334916865
12.9954818494202,8.3562945368171
13.007965701498,8.36579572446556
13.0204485042619,8.37529691211401
13.032930258812,8.38479809976247
13.0454109662477,8.39429928741093
13.0578906276679,8.40380047505938
13.0703692441707,8.41330166270784
13.0828468168539,8.42280285035629
13.0953233468146,8.43230403800475
13.107798835149,8.44180522565321
13.1202732829531,8.45130641330166
13.1327466913221,8.46080760095012
13.1452190613503,8.47030878859858
13.1576903941317,8.47980997624703
13.1701606907594,8.48931116389549
13.182629952326,8.49881235154394
13.1950981799231,8.5083135391924
13.2075653746422,8.51781472684086
13.2200315375734,8.52731591448931
13.2324966698063,8.53681710213777
13.24496077243,8.54631828978622
13.2574238465324,8.55581947743468
13.2698858932012,8.56532066508314
13.282346913523,8.57482185273159
13.2948069085836,8.58432304038005
13.3072658794682,8.5938242280285
13.3197238272612,8.60332541567696
13.3321807530462,8.61282660332542
13.3446366579058,8.62232779097387
13.357091542922,8.63182897862233
13.3695454091759,8.64133016627078
13.3819982577479,8.65083135391924
13.3944500897173,8.6603325415677
13.4069009061629,8.66983372921615
13.4193507081623,8.67933491686461
13.4317994967925,8.68883610451307
13.4442472731295,8.69833729216152
13.4566940382485,8.70783847980998
13.4691397932238,8.71733966745843
13.4815845391288,8.72684085510689
13.494028277036,8.73634204275534
13.506471008017,8.7458432304038
13.5189127331425,8.75534441805226
13.5313534534823,8.76484560570071
13.5437931701052,8.77434679334917
13.5562318840792,8.78384798099762
13.5686695964712,8.79334916864608
13.5811063083474,8.80285035629454
13.5935420207729,8.81235154394299
13.6059767348117,8.82185273159145
13.6184104515271,8.83135391923991
13.6308431719813,8.84085510688836
13.6432748972356,8.85035629453682
13.6557056283503,8.85985748218527
13.6681353663846,8.86935866983373
13.6805641123968,8.87885985748219
13.6929918674443,8.88836104513064
13.7054186325834,8.8978622327791
13.7178444088694,8.90736342042755
13.7302691973565,8.91686460807601
13.7426929990981,8.92636579572446
13.7551158151464,8.93586698337292
13.7675376465526,8.94536817102138
13.779958494367,8.95486935866983
13.7923783596387,8.96437054631829
13.8047972434158,8.97387173396675
13.8172151467454,8.9833729216152
13.8296320706735,8.99287410926366
13.8420480162451,9.00237529691211
13.8544629845041,9.01187648456057
13.8668769764934,9.02137767220903
13.8792899932547,9.03087885985748
13.8917020358287,9.04038004750594
13.9041131052551,9.04988123515439
13.9165232025723,9.05938242280285
13.928932328818,9.06888361045131
13.9413404850283,9.07838479809976
13.9537476722387,9.08788598574822
13.9661538914833,9.09738717339667
13.9785591437951,9.10688836104513
13.9909634302062,9.11638954869359
14.0033667517475,9.12589073634204
14.0157691094485,9.1353919239905
14.0281705043381,9.14489311163895
14.0405709374437,9.15439429928741
14.0529704097918,9.16389548693587
14.0653689224075,9.17339667458432
14.0777664763151,9.18289786223278
14.0901630725375,9.19239904988124
14.1025587120966,9.20190023752969
14.1149533960132,9.21140142517815
14.1273471253069,9.2209026128266
14.139739900996,9.23040380047506
14.152131724098,9.23990498812352
14.1645225956289,9.24940617577197
14.1769125166037,9.25890736342043
14.1893014880364,9.26840855106888
14.2016895109394,9.27790973871734
14.2140765863245,9.2874109263658
14.226462715202,9.29691211401425
14.2388478985809,9.30641330166271
14.2512321374979,9.31591448931117
14.2636154329029,9.32541567695962
14.2759977858299,9.33491686460808
14.2883791972835,9.34441805225653
14.3007596682669,9.35391923990499
14.3131391997824,9.36342042755344
14.3255177928309,9.3729216152019
14.3378954484121,9.38242280285036
14.3502721675246,9.39192399049881
14.3626479511658,9.40142517814727
14.3750228003319,9.41092636579572
14.387396716018,9.42042755344418
14.3997696992177,9.42992874109264
14.412141750924,9.43942992874109
14.424512872128,9.44893111638955
14.43688306382,9.45843230403801
14.4492523269889,9.46793349168646
14.4616206626227,9.47743467933492
14.4739880717078,9.48693586698337
14.4863545552296,9.49643705463183
14.4987201141724,9.50593824228029
14.511084749519,9.51543942992874
14.5234484622513,9.5249406175772
14.5358112533499,9.53444180522565
14.5481731237939,9.54394299287411
14.5605340745616,9.55344418052256
14.5728941066298,9.56294536817102
14.5852532209742,9.57244655581948
14.5976114185693,9.58194774346793
14.6099687003882,9.59144893111639
14.622325067403,9.60095011876485
14.6346805205845,9.6104513064133
14.6470350609022,9.61995249406176
14.6593886893245,9.62945368171021
14.6717414068184,9.63895486935867
14.6840932143498,9.64845605700713
14.6964441128835,9.65795724465558
14.7087941033827,9.66745843230404
14.7211431868097,9.67695961995249
14.7334913641254,9.68646080760095
14.7458386362896,9.69596199524941
14.7581850042607,9.70546318289786
14.770530468996,9.71496437054632
14.7828750314515,9.72446555819477
14.7952186925819,9.73396674584323
14.8075614533409,9.74346793349169
14.8199033146806,9.75296912114014
14.8322442775523,9.7624703087886
14.8445843429057,9.77197149643705
14.8569235116894,9.78147268408551
14.8692617848508,9.79097387173397
14.8815991633359,9.80047505938242
14.8939356480897,9.80997624703088
14.9062712400557,9.81947743467934
14.9186059401764,9.82897862232779
14.9309397493928,9.83847980997625
14.943272668645,9.8479809976247
14.9556046988716,9.85748218527316
14.9679358410099,9.86698337292161
14.9802660959962,9.87648456057007
14.9925954647653,9.88598574821853
15.0049239482511,9.89548693586698
15.0172515473858,9.90498812351544
15.0295782631008,9.91448931116389
15.0419040963259,9.92399049881235
15.05422904799,9.93349168646081
15.0665531190204,9.94299287410926
15.0788763103434,9.95249406175772
15.0911986228839,9.96199524940618
15.1035200575658,9.97149643705463
15.1158406153114,9.98099762470309
15.1281602970421,9.99049881235154
15.1404791036778,10
15.2959906931692,10.12
15.4513646681259,10.24
15.6066028309212,10.36
15.7617069525182,10.48
15.9166787726752,10.6
16.0715200002244,10.72
16.2262323133392,10.84
16.3808200687365,10.96
16.5352914600293,11.08
16.6896482238026,11.2
16.8438917651608,11.32
16.9980234659498,11.44
17.1520446849807,11.56
17.3059567582652,11.68
17.4597609992743,11.8
17.6134586992187,11.92
17.7670511273438,12.04
17.920539531241,12.16
18.0739251371684,12.28
18.2272091503819,12.4
18.3803927554723,12.52
18.5334771167089,12.64
18.6864633783859,12.76
18.8393526651714,12.88
18.9921460824584,13
19.1448447167148,13.12
19.2974496358334,13.24
19.4499618894805,13.36
19.6023825094416,13.48
19.754712509965,13.6
19.9069528881019,13.72
20.0591046240421,13.84
20.211168681447,13.96
20.3631460077762,14.08
20.5150375346113,14.2
20.6668441779736,14.32
20.818566838637,14.44
20.9702064024355,14.56
21.1217637405659,14.68
21.2732397098842,14.8
21.4246351531972,14.92
21.5759508995481,15.04
21.7271877644969,15.16
21.8783465503949,15.28
22.0294280466539,15.4
22.1804330300097,15.52
22.3313622647802,15.64
22.482216503118,15.76
22.6329964852578,15.88
22.7837029397584,16
22.9343365837422,16.12
23.0848981231248,16.24
23.2353882527863,16.36
23.38580765699,16.48
23.5361570092949,16.6
23.6864369730119,16.72
23.8366485510902,16.84
23.9867955246989,16.96
24.1368792382332,17.08
24.2869002731732,17.2
24.4368592026443,17.32
24.5867565913044,17.44
24.7365929957222,17.56
24.8863689644326,17.68
25.0360850381029,17.8
25.1857417496786,17.92
25.3353396245267,18.04
25.4848791805757,18.16
25.6343609284527,18.28
25.7837853716177,18.4
25.9331530064952,18.52
26.0824643226028,18.64
26.2317198026776,18.76
26.3809199227994,18.88
26.5300651525116,19
26.6791559549399,19.12
26.8281927869074,19.24
26.977176099049,19.36
27.1261063359216,19.48
27.2749839361133,19.6
27.4238093323497,19.72
27.572582951598,19.84
27.7213052151694,19.96
27.8699765388184,20.08
28.0185973328411,20.2
28.1671680021706,20.32
28.3156889464709,20.44
28.4641605602288,20.56
28.6125832328435,20.68
28.7609573487149,20.8
28.9092832873294,20.92
29.0575614233446,21.04
29.2057921266721,21.16
29.3539757625579,21.28
29.5021126916621,21.4
29.6502032701363,21.52
29.7982478496999,21.64
29.9462467777143,21.76
30.0942003972561,21.88
30.2421090471884,22
30.3899730622309,22.12
30.5377927730285,22.24
30.6855685062186,22.36
30.8333005844968,22.48
30.9809893266816,22.6
31.1286350477773,22.72
31.2762380590365,22.84
31.4237986680204,22.96
31.5713171786585,23.08
31.7187938913069,23.2
31.8662291028057,23.32
32.0136231065346,23.44
32.1609761924682,23.56
32.3082886472299,23.68
32.4555607541445,23.8
32.6027927932904,23.92
32.7499850415498,24.04
32.8971377726589,24.16
33.0442512572569,24.28
33.1913257629332,24.4
33.3383615542754,24.52
33.4853588929144,24.64
33.6323180375702,24.76
33.7792392440961,24.88
33.9261227655221,25
34.0729688520977,25.12
34.2197777513336,25.24
34.3665497080433,25.36
34.5132849643826,25.48
34.6599837598898,25.6
34.8066463315245,25.72
34.9532729137053,25.84
35.0998637383476,25.96
35.2464190349002,26.08
35.3929390303813,26.2
35.539423949414,26.32
35.6858740142609,26.44
35.8322894448582,26.56
35.9786704588494,26.68
36.1250172716181,26.8
36.2713300963201,26.92
36.4176091439155,27.04
36.5638546231993,27.16
36.7100667408327,27.28
36.8562457013725,27.4
37.0023917073011,27.52
37.148504959055,27.64
37.2945856550373,27.76
37.4406339917334,27.88
37.5866501635608,28
37.7326343630683,28.12
37.8785867808824,28.24
38.0245076056712,28.36
38.1703970244748,28.48
38.31625522227,28.6
38.4620823822975,28.72
38.6078786860385,28.84
38.7536443132035,28.96
38.8993794417688,29.08
39.0450842479992,29.2
39.1907589064709,29.32
39.3364035900938,29.44
39.4820184701338,29.56
39.6276037162339,29.68
39.7731595001528,29.8
39.9186868049008,29.92
40.0641864105559,30.04
40.2096584725402,30.16
40.3551031448388,30.28
40.5005205800187,30.4
40.6459109292463,30.52
40.7912743423052,30.64
40.9366109676137,30.76
41.0819209522509,30.88
41.2272044419513,31
41.3724615811339,31.12
41.5176925128412,31.24
41.6628973790822,31.36
41.8080763203509,31.48
41.9532294759679,31.6
42.0983569840218,31.72
42.2434589813898,31.84
42.3885356037363,31.96
42.5335869855345,32.08
42.6786132600815,32.2
42.8236145595119,32.32
42.9685910148122,32.44
43.1135427558341,32.56
43.2584699113085,32.68
43.4033726088588,32.8
43.5482509750139,32.92
43.6931051352211,33.04
43.8379352138591,33.16
43.9827413342506,33.28
44.1275236186744,33.4
44.2722821883778,33.52
44.4170171635888,33.64
44.5617286635274,33.76
44.7064168064181,33.88
44.8510817095004,34
44.9957234890412,34.12
45.140342260345,34.24
45.2849381377658,34.36
45.4295112347171,34.48
45.5740616636831,34.6
45.7185895362294,34.72
45.8630949630128,34.84
46.007578053792,34.96
46.1520389174376,35.08
46.296477661942,35.2
46.4408943944291,35.32
46.5852892211641,35.44
46.7296622475632,35.56
46.8740135782026,35.68
47.0183433168282,35.8
47.1626515663642,35.92
47.3069384289228,36.04
47.4512040058125,36.16
47.595448397547,36.28
47.7396717038541,36.4
47.8838740236839,36.52
48.0280554552175,36.64
48.172216095875,36.76
48.3163560423237,36.88
48.4604753904864,37
48.6045742355494,37.12
48.7486526719697,37.24
48.8927107934837,37.36
49.0367486931139,37.48
49.1807664631772,37.6
49.3247641952918,37.72
49.4687419803849,37.84
49.6126999086996,37.96
49.7566380698024,38.08
49.9005565525898,38.2
50.0444554452958,38.32
50.1883348354981,38.44
50.3321948101256,38.56
50.4760354554643,38.68
50.6198568571648,38.8
50.7636591002479,38.92
50.9074422691117,39.04
51.0512064475373,39.16
51.1949517186958,39.28
51.338678165154,39.4
51.4823858688803,39.52
51.6260749112516,39.64
51.769745373058,39.76
51.9133973345098,39.88
52.0570308752426,40
52.2006460743231,40.12
52.3442430102552,40.24
52.487821760985,40.36
52.6313824039066,40.48
52.7749250158674,40.6
52.9184496731737,40.72
53.0619564515957,40.84
53.205445426373,40.96
53.3489166722195,41.08
53.4923702633287,41.2
53.6358062733787,41.32
53.7792247755372,41.44
53.9226258424662,41.56
54.0660095463273,41.68
54.2093759587861,41.8
54.3527251510169,41.92
54.4960571937078,42.04
54.639372157065,42.16
54.7826701108174,42.28
54.9259511242212,42.4
55.0692152660642,42.52
55.2124626046704,42.64
55.3556932079044,42.76
55.4989071431753,42.88
55.6421044774413,43
55.785285277214,43.12
55.9284496085622,43.24
56.0715975371161,43.36
56.2147291280715,43.48
56.3578444461937,43.6
56.5009435558215,43.72
56.6440265208711,43.84
56.7870934048398,43.96
56.9301442708101,44.08
57.0731791814532,44.2
57.216198199033,44.32
57.3592013854095,44.44
57.502188802043,44.56
57.6451605099967,44.68
57.7881165699412,44.8
57.9310570421577,44.92
58.0739819865414,45.04
58.216891462605,45.16
58.359785529482,45.28
58.5026642459303,45.4
58.6455276703354,45.52
58.7883758607136,45.64
58.9312088747153,45.76
59.0740267696285,45.88
59.2168296023812,46
59.3596174295456,46.12
59.5023903073404,46.24
59.6451482916341,46.36
59.7878914379482,46.48
59.93061980146,46.6
60.0733334370058,46.72
60.2160323990834,46.84
60.3587167418556,46.96
60.5013865191526,47.08
60.644041784475,47.2
60.7866825909967,47.32
60.9293089915677,47.44
61.0719210387165,47.56
61.2145187846533,47.68
61.3571022812724,47.8
61.4996715801549,47.92
61.6422267325714,48.04
61.7847677894844,48.16
61.9272948015515,48.28
62.069807819127,48.4
62.2123068922652,48.52
62.3547920707225,48.64
62.4972634039601,48.76
62.6397209411462,48.88
62.7821647311586,49
62.9245948225872,49.12
63.0670112637359,49.24
63.2094141026254,49.36
63.3518033869954,49.48
63.4941791643068,49.6
63.6365414817441,49.72
63.7788903862176,49.84
63.9212259243654,49.96
64.0635481425558,50.08
64.2058570868899,50.2
64.3481528032027,50.32
64.4904353370664,50.44
64.6327047337916,50.56
64.7749610384299,50.68
64.9172042957758,50.8
65.0594345503688,50.92
65.2016518464953,51.04
65.3438562281909,51.16
65.4860477392419,51.28
65.6282264231878,51.4
65.7703923233228,51.52
65.9125454826981,51.64
66.0546859441233,51.76
66.196813750169,51.88
66.338928943168,52
66.4810315652176,52.12
66.6231216581811,52.24
66.7651992636898,52.36
66.9072644231448,52.48
67.0493171777188,52.6
67.1913575683576,52.72
67.3333856357822,52.84
67.4754014204904,52.96
67.6174049627583,53.08
67.7593963026421,53.2
67.9013754799802,53.32
68.0433425343942,53.44
68.1852975052908,53.56
68.3272404318637,53.68
68.4691713530946,53.8
68.6110903077556,53.92
68.75299733441,54.04
68.8948924714144,54.16
69.0367757569199,54.28
69.178647228874,54.4
69.3205069250218,54.52
69.4623548829075,54.64
69.6041911398761,54.76
69.7460157330748,54.88
69.8878286994545,55
70.0296300757712,55.12
70.1714198985872,55.24
70.313198204273,55.36
70.4549650290082,55.48
70.5967204087835,55.6
70.7384643794016,55.72
70.8801969764784,55.84
71.0219182354451,55.96
71.1636281915489,56.08
71.3053268798544,56.2
71.4470143352455,56.32
71.5886905924257,56.44
71.7303556859202,56.56
71.8720096500771,56.68
72.0136525190683,56.8
72.155284326891,56.92
72.296905107369,57.04
72.4385148941536,57.16
72.5801137207255,57.28
72.7217016203952,57.4
72.8632786263047,57.52
73.0048447714287,57.64
73.1464000885755,57.76
73.2879446103885,57.88
73.4294783693471,58
73.5710013977678,58.12
73.7125137278058,58.24
73.8540153914555,58.36
73.9955064205522,58.48
74.1369868467726,58.6
74.2784567016366,58.72
74.4199160165078,58.84
74.5613648225948,58.96
74.7028031509525,59.08
74.8442310324825,59.2
74.9856484979351,59.32
75.1270555779095,59.44
75.2684523028552,59.56
75.409838703073,59.68
75.5512148087161,59.8
75.6925806497909,59.92
75.833936256158,60.04
75.9752816574969,60.16
76.1166168834965,60.28
76.2579419634612,60.4
76.3992569267312,60.52
76.5405618024464,60.64
76.6818566196136,60.76
76.8231414071009,60.88
76.9644161936383,61
77.1056810078186,61.12
77.2469358780985,61.24
77.3881808327995,61.36
77.5294159001084,61.48
77.6706411079234,61.6
77.8118564844759,61.72
77.9530620573999,61.84
78.0942578543536,61.96
78.2354439028654,62.08
78.3766202303343,62.2
78.5177868640312,62.32
78.6589438310983,62.44
78.8000911585417,62.56
78.9412288732634,62.68
79.0823570020293,62.8
79.2234755714812,62.92
79.3645846081371,63.04
79.505684138393,63.16
79.6467741885228,63.28
79.7878547846794,63.4
79.9289259528955,63.52
80.0699877190843,63.64
80.2110401090405,63.76
80.3520831484408,63.88
80.4931168628445,64
80.6341412776947,64.12
80.7751564183189,64.24
80.9161623099294,64.36
81.0571589776245,64.48
81.1981464463888,64.6
81.3391247410943,64.72
81.4800938865009,64.84
81.6210539072569,64.96
81.7620048279003,65.08
81.9029466728589,65.2
82.0438794664513,65.32
82.1848032328874,65.44
82.3257179962695,65.56
82.4666237805922,65.68
82.6075206097438,65.8
82.7484085075066,65.92
82.8892874975578,66.04
83.0301576034696,66.16
83.1710188487107,66.28
83.3118712566462,66.4
83.4527148505386,66.52
83.5935496535483,66.64
83.7343756887342,66.76
83.8751929790545,66.88
84.0160015473673,67
84.156801416431,67.12
84.2975926089049,67.24
84.4383751473501,67.36
84.5791490542299,67.48
84.7199143549964,67.6
84.8606712616059,67.72
85.0014199079079,67.84
85.1421603151528,67.96
85.2828925046764,68.08
85.4236164976055,68.2
85.5643323150057,68.32
85.7050399778526,68.44
85.8457395070322,68.56
85.9864309233417,68.68
86.1271142474897,68.8
86.2677895000971,68.92
86.408456701697,69.04
86.5491158727362,69.16
86.6897670335746,69.28
86.8304102044865,69.4
86.9710454056609,69.52
87.1116726572019,69.64
87.2522919791291,69.76
87.3929033913786,69.88
87.5335069138027,70
87.6741025661711,70.12
87.814690368171,70.24
87.9552703394078,70.36
88.0958424994053,70.48
88.2364068676064,70.6
88.3769634633736,70.72
88.5175123059893,70.84
88.6580534146562,70.96
88.7985868084979,71.08
88.9391125065597,71.2
89.0796305278082,71.32
89.2201408911326,71.44
89.3606436153446,71.56
89.501138719179,71.68
89.6416262212945,71.8
89.7821061402732,71.92
89.9225784946222,72.04
90.0630433027733,72.16
90.2035005830834,72.28
90.3439503538353,72.4
90.4843926332386,72.52
90.6248274394351,72.64
90.7652547904799,72.76
90.9056747043631,72.88
91.046087199002,73
91.1864922922424,73.12
91.3268900018586,73.24
91.4672803455539,73.36
91.607663340961,73.48
91.7480390056423,73.6
91.8884073570904,73.72
92.0287684127286,73.84
92.1691221897266,73.96
92.3094687057383,74.08
92.4498079777967,74.2
92.590140023051,74.32
92.7304648585829,74.44
92.870782501407,74.56
93.0110929684708,74.68
93.1513962766556,74.8
93.2916924427767,74.92
93.4319814835833,75.04
93.5722634157597,75.16
93.7125382559249,75.28
93.8528060206333,75.4
93.9930667263817,75.52
94.1333203895262,75.64
94.273567026586,75.76
94.4138066537242,75.88
94.5540392872205,76
94.6942649432484,76.12
94.8344836379198,76.24
94.9746953872842,76.36
95.1149002073299,76.48
95.2550981139835,76.6
95.3952891231112,76.72
95.5354732505184,76.84
95.6756505119499,76.96
95.8158209230912,77.08
95.9559844995675,77.2
96.0961412569453,77.32
96.2362912107317,77.44
96.3764343763752,77.56
96.516570769266,77.68
96.6567004047362,77.8
96.7968232980601,77.92
96.9369394644546,78.04
97.0770489190794,78.16
97.2171516770373,78.28
97.3572477533748,78.4
97.4973371630817,78.52
97.6374199210924,78.64
97.777496042285,78.76
97.9175655414827,78.88
98.0576284334533,79
98.19768473291,79.12
98.3377344545114,79.24
98.4777776128618,79.36
98.6178142225116,79.48
98.7578442979575,79.6
98.8978678536427,79.72
99.0378849039575,79.84
99.177895463239,79.96
99.317899545772,80.08
99.4578971657889,80.2
99.59788833747,80.32
99.7378730749438,80.44
99.8778513922874,80.56
100.017823303526,80.68
100.157788822636,80.8
100.297747963539,80.92
100.437700740111,81.04
100.577647166173,81.16
100.7175872555,81.28
100.857521021815,81.4
100.997448478792,81.52
101.137369640057,81.64
101.277284519184,81.76
101.417193129702,81.88
101.557095485088,82
101.696991598775,82.12
101.836881484143,82.24
101.976765154528,82.36
102.116642623217,82.48
102.256513903449,82.6
102.396379008419,82.72
102.536237951271,82.84
102.676090745106,82.96
102.815937402976,83.08
102.955777937889,83.2
103.095612362805,83.32
103.235440690641,83.44
103.375262934265,83.56
103.515079106503,83.68
103.654889220135,83.8
103.794693287895,83.92
103.934491322475,84.04
104.074283336519,84.16
104.21406934263,84.28
104.353849353367,84.4
104.493623381243,84.52
104.633391438729,84.64
104.773153538254,84.76
104.912909692201,84.88
105.052659912912,85
105.192404212686,85.12
105.33214260378,85.24
105.471875098408,85.36
105.611601708743,85.48
105.751322446915,85.6
105.891037325012,85.72
106.030746355083,85.84
106.170449549134,85.96
106.310146919129,86.08
106.449838476993,86.2
106.58952423461,86.32
106.729204203823,86.44
106.868878396434,86.56
107.008546824208,86.68
107.148209498866,86.8
107.287866432092,86.92
107.427517635531,87.04
107.567163120786,87.16
107.706802899423,87.28
107.846436982968,87.4
107.98606538291,87.52
108.125688110696,87.64
108.265305177739,87.76
108.40491659541,87.88
108.544522375044,88
108.684122527937,88.12
108.823717065349,88.24
108.963305998501,88.36
109.102889338576,88.48
109.242467096723,88.6
109.38203928405,88.72
109.521605911631,88.84
109.661166990502,88.96
109.800722531664,89.08
109.94027254608,89.2
110.079817044677,89.32
110.219356038347,89.44
110.358889537947,89.56
110.498417554295,89.68
110.637940098177,89.8
110.777457180342,89.92
110.916968811504,90.04
111.056475002343,90.16
111.195975763502,90.28
111.335471105591,90.4
111.474961039186,90.52
111.614445574827,90.64
111.753924723021,90.76
111.893398494241,90.88
112.032866898924,91
112.172329947476,91.12
112.311787650269,91.24
112.451240017639,91.36
112.590687059892,91.48
112.730128787299,91.6
112.869565210098,91.72
113.008996338496,91.84
113.148422182664,91.96
113.287842752744,92.08
113.427258058843,92.2
113.566668111037,92.32
113.70607291937,92.44
113.845472493853,92.56
113.984866844466,92.68
114.124255981157,92.8
114.263639913842,92.92
114.403018652408,93.04
114.542392206707,93.16
114.681760586563,93.28
114.821123801767,93.4
114.960481862079,93.52
115.099834777232,93.64
115.239182556923,93.76
115.378525210822,93.88
115.517862748568,94
115.65719517977,94.12
115.796522514006,94.24
115.935844760825,94.36
116.075161929746,94.48
116.214474030257,94.6
116.35378107182,94.72
116.493083063863,94.84
116.632380015789,94.96
116.771671936968,95.08
116.910958836745,95.2
117.050240724432,95.32
117.189517609315,95.44
117.328789500651,95.56
117.468056407668,95.68
117.607318339565,95.8
117.746575305513,95.92
117.885827314657,96.04
118.02507437611,96.16
118.164316498961,96.28
118.303553692269,96.4
118.442785965065,96.52
118.582013326354,96.64
118.721235785113,96.76
118.860453350291,96.88
118.99966603081,97
119.138873835566,97.12
119.278076773426,97.24
119.417274853233,97.36
119.5564680838,97.48
119.695656473916,97.6
119.834840032342,97.72
119.974018767813,97.84
120.113192689038,97.96
120.252361804699,98.08
120.391526123453,98.2
120.53068565393,98.32
120.669840404735,98.44
120.808990384447,98.56
120.948135601619,98.68
121.087276064779,98.8
121.226411782428,98.92
121.365542763045,99.04
121.50466901508,99.16
121.64379054696,99.28
121.782907367088,99.4
121.922019483838,99.52
122.061126905565,99.64
122.200229640594,99.76
122.339327697228,99.88
122.478421083745,100
123.550777855726,100.925288607668
124.632779782968,101.859138805412
125.724514763471,102.801629812647
126.826071502567,103.752841581801
127.937539520365,104.71285480509
129.059009159257,105.681750921366
130.190571591496,106.659612123026
131.332318826849,107.646521362983
132.484343720314,108.642562361707
133.646739979911,109.647819614319
134.819602174544,110.662378397767
136.00302574194,111.686324778056
137.197106996654,112.719745617551
138.401943138152,113.762728582343
139.617632258973,114.815362149688
140.844273352955,115.877735615513
142.08196632355,116.949939101987
143.330811992205,118.032063565173
144.59091210683,119.124200802738
145.862369350332,120.226443461741
147.145287349245,121.338885046498
148.43977068242,122.461619926505
149.745924889812,123.594743344451
151.06385648134,124.738351424294
152.393672945826,125.892541179417
153.735482760029,127.057410520854
155.089395397744,128.233058265602
156.455521339005,129.419584144999
157.833972079356,130.617088813184
159.224860139221,131.825673855641
160.628299073349,133.045441797809
162.044403480356,134.276496113786
163.473289012348,135.518941235104
164.91507238464,136.772882559585
166.369871385555,138.038426460289
167.837804886324,139.31568029453
169.31899285107,140.604752412991
170.81355634689,141.905752168909
172.321617554021,143.218789927354
173.843299776114,144.543977074593
175.378727450589,145.881426027535
176.928026159092,147.231250243272
178.491322638053,148.593564228701
180.068744789331,149.968483550237
181.660421690967,151.356124843621
183.266483608029,152.756605823807
184.887062003564,154.170045294956
186.522289549647,155.596563160508
188.172300138532,157.036280433355
189.837228893907,158.489319246111
191.517212182255,159.955802861467
193.212387624314,161.435855682649
194.92289410665,162.929603263972
196.648871793335,164.437172321493
198.390462137726,165.958690743756
200.147807894366,167.494287602644
201.92105313098,169.044093164327
203.710343240596,170.608238900312
205.515824953766,172.186857498601
207.337646350907,173.780082874938
209.175956874757,175.388050184176
211.03090734294,177.010895831742
212.90264996065,178.648757485205
214.791338333455,180.301774085957
216.697127480217,181.970085860998
218.62017384613,183.653834334835
220.560635315879,185.353162341481
222.518671226924,187.06821403658
224.494442382901,188.799134909629
226.488111067154,190.546071796325
228.499841056385,192.309172891016
230.529797634434,194.088587759278
232.578147606185,195.884467350599
234.645059311602,197.696964011186
236.730702639893,199.526231496888
238.835249043807,201.372424986239
240.958871554197,203.235701093622
243.101744793904,205.116217882556
245.264044993809,207.014134879104
247.445950006292,208.929613085404
249.647639320901,210.862814993329
251.869294079314,212.813904598271
254.111097090588,214.783047413053
256.373232846541,216.770410481969
258.655887536771,218.776162394955
260.959249066388,220.80047330189
263.283507068745,222.84351492703
265.628852923455,224.905460583578
267.995479771993,226.986485188382
270.383582533891,229.086765276777
272.793357923315,231.206479017559
275.225004465497,233.3458062281
277.678722513466,235.504928389601
280.154714264926,237.684028662488
282.653183779288,239.883291901949
285.174336994851,242.102904673618
287.718381746142,244.343055269397
290.285527781419,246.603933723434
292.875986780338,248.885731828239
295.489972371776,251.188643150958
298.127700151825,253.512863049791
300.78938770195,255.858588690565
303.475254607316,258.22601906346
306.18552247528,260.61535499989
308.920414954062,263.026799189538
311.680157751581,265.460556197554
314.464978654468,267.916832481903
317.275107547255,270.395836410884
320.110776431742,272.897778280804
322.972219446541,275.422870333817
325.859674915358,277.971326775929
328.773387961805,280.543363795171
331.713599893314,283.139199579938
334.680553731247,285.759054337495
337.674494735819,288.403150312661
340.695670426707,291.071711806661
343.744330603914,293.764965196153
346.820727368816,296.483138952434
349.925115145417,299.226463660819
353.057750701785,301.995172040202
356.2188931717,304.789498962798
359.408804076495,307.609681474071
362.627747347097,310.455958812836
365.875989346381,313.328572431559
369.153798891311,316.227766016838
372.461447275913,319.153785510076
375.799208293289,322.106879128343
379.167358261701,325.087297385434
382.566176043375,328.095293113119
385.995943070997,331.131121482591
389.456943370631,334.195040026114
392.949463585835,337.287308658869
396.473793001718,340.408189701001
400.030223569313,343.557947899875
403.619049930219,346.736850452532
407.24056944145,349.945167028357
410.895082200508,353.183169791957
414.582891070689,356.451133426244
418.304301706623,359.749335155742
422.059622580052,363.078054770101
425.849165005843,366.437574647833
429.673243168246,369.828179780266
433.532174147386,373.250157795721
437.426277946013,376.703798983909
441.355877516486,380.189396320561
445.321298788016,383.707245492279
449.322870694155,387.257644921617
453.360925200544,390.840895792402
457.435797332913,394.457302075279
461.547825205342,398.107170553497
465.697350048782,401.79081084894
469.884716239845,405.508535448384
474.11027132985,409.260659730011
478.374366074146,413.047501990161
482.677354461705,416.869383470335
487.019593744984,420.726628384444
491.401444470067,424.619563946313
495.823270507087,428.54852039744
500.285439080922,432.513831035009
504.788320802185,436.515832240166
509.332289698491,440.554863506553
513.91772324602,444.631267469109
518.545002401367,448.745389933132
523.21451163369,452.897579903621
527.926638957152,457.088189614875
532.681775963668,461.31757456038
537.480317855945,465.586093522959
542.322663480841,469.894108605216
547.20921536302,474.241985260245
552.140379738926,478.630092322639
557.116566591066,483.058802039773
562.138189682614,487.528490103386
567.205666592336,492.039535681451
572.319418749826,496.592321450336
577.479871471091,501.187233627272
582.687453994436,505.824662003114
587.942599516706,510.504999975406
593.245745229847,515.228644581756
598.597332357816,519.995996533516
603.99780619382,524.807460249772
609.447616137915,529.663443891658
614.947215734934,534.564359396971
620.497062712784,539.510622515128
626.097619021084,544.502652842421
631.749350870166,549.540873857625
637.452728770434,554.62571295791
643.208227572093,559.75760149511
649.016326505232,564.936974812302
654.877509220299,570.164272280748
660.792263828922,575.439937337157
666.761082945137,580.764417521312
672.784463726971,586.138164514028
678.862907918433,591.561634175474
684.996921891871,597.035286583837
691.187016690741,602.559586074358
697.433708072752,608.135001278718
703.737516553429,613.762005164795
710.098967450062,619.441075076781
716.518590926076,625.172692775686
722.996922035795,630.957344480193
729.534500769639,636.795520907916
736.131872099719,642.687717317019
742.789586025874,648.634433548239
749.508197622111,654.636174067275
756.288267083498,660.693448007596
763.130359773471,666.806769213622
770.035046271591,672.976656284318
777.002902421734,679.203632617184
784.034509380735,685.488226452661
791.130453667474,691.830970918936
798.291327212422,698.232404077171
805.517727407638,704.693068967147
812.810257157238,711.213513653329
820.169524928322,717.794291271362
827.596144802376,724.43596007499
835.090736527146,731.139083483417
842.653925569,737.904230129101
850.286343165764,744.731973905989
857.988626380048,751.622894018205
865.761418153076,758.577575029184
873.605367358998,765.596606911256
881.521128859717,772.680585095702
889.509363560214,779.830110523259
897.570738464391,787.045789695099
905.705926731427,794.328234724281
913.915607732655,801.678063387679
922.200467108967,809.095899178382
930.561196828747,816.582371358592
938.998495246344,824.138115013002
947.51306716108,831.763771102671
956.105623876809,839.459986519397
964.776883262022,847.227414140596
973.527569810511,855.066712884683
982.358414702595,862.97854776697
991.270155866909,870.963589956081
1000.26353804276,879.022516830884
1009.33931284308,887.156012037961
1018.49823881793,895.364765549594
1027.74108151862,903.649473722301
1037.06861356239,912.01083935591
1046.48161469773,920.449571753171
1055.98087187029,928.966386779936
1065.56717928936,937.56200692588
1075.24133849501,946.237161365793
1085.00415842586,954.992586021436
1094.85645548743,963.829023623971
1104.79905362113,972.747223776965
1114.83278437395,981.747943019984
1124.95848696874,990.831944892768
1135.17700837509,1000
