# Scenario: Imposed pore pressure; Background stress tau_b/tau_p = 0.744; Injection overpressure Delta_p_inj = 0.700; Production overpressure Delta_p_prod = -0.20; Production duration sqrt(alpha*dt_prod)/a_w = 10000000000.00; Residual friction f_r/f_p = 0.60
# Background stress tau_b/tau_p; Crack length a/a_w; Time sqrt(alpha*t)/a_w; Time SSY sqrt(alpha*t)/a_w; Slip at the center delta(0)/delta_w; Table shape (561,)
7.440000e-01;7.142857e-03;9.166981e-03;nan;2.979800e-03
7.440000e-01;1.428571e-02;1.830227e-02;nan;5.977450e-03
7.440000e-01;2.142857e-02;2.740555e-02;nan;8.993143e-03
7.440000e-01;2.857143e-02;3.647654e-02;nan;1.202707e-02
7.440000e-01;3.571429e-02;4.551493e-02;nan;1.507943e-02
7.440000e-01;4.285714e-02;5.452039e-02;nan;1.815043e-02
7.440000e-01;5.000000e-02;6.349262e-02;nan;2.124027e-02
7.440000e-01;5.714286e-02;7.243130e-02;nan;2.434915e-02
7.440000e-01;6.428571e-02;8.133609e-02;nan;2.747729e-02
7.440000e-01;7.142857e-02;9.020666e-02;nan;3.062490e-02
7.440000e-01;7.857143e-02;9.904268e-02;nan;3.379221e-02
7.440000e-01;8.571429e-02;1.078438e-01;nan;3.697942e-02
7.440000e-01;9.285714e-02;1.166097e-01;nan;4.018677e-02
7.440000e-01;1.000000e-01;1.253400e-01;nan;4.341448e-02
7.440000e-01;1.071429e-01;1.340343e-01;nan;4.666280e-02
7.440000e-01;1.142857e-01;1.426923e-01;nan;4.993195e-02
7.440000e-01;1.214286e-01;1.513137e-01;nan;5.322218e-02
7.440000e-01;1.285714e-01;1.598979e-01;nan;5.653373e-02
7.440000e-01;1.357143e-01;1.684447e-01;nan;5.986685e-02
7.440000e-01;1.428571e-01;1.769537e-01;nan;6.322180e-02
7.440000e-01;1.500000e-01;1.854244e-01;nan;6.659884e-02
7.440000e-01;1.571429e-01;1.938565e-01;nan;6.999823e-02
7.440000e-01;1.642857e-01;2.022495e-01;nan;7.342023e-02
7.440000e-01;1.714286e-01;2.106031e-01;nan;7.686513e-02
7.440000e-01;1.785714e-01;2.189168e-01;nan;8.033320e-02
7.440000e-01;1.857143e-01;2.271901e-01;nan;8.382472e-02
7.440000e-01;1.928571e-01;2.354227e-01;nan;8.733998e-02
7.440000e-01;2.000000e-01;2.436141e-01;nan;9.087927e-02
7.440000e-01;2.071429e-01;2.517638e-01;nan;9.444290e-02
7.440000e-01;2.142857e-01;2.598714e-01;nan;9.803116e-02
7.440000e-01;2.214286e-01;2.679364e-01;nan;1.016444e-01
7.440000e-01;2.285714e-01;2.759584e-01;nan;1.052829e-01
7.440000e-01;2.357143e-01;2.839367e-01;nan;1.089469e-01
7.440000e-01;2.428571e-01;2.918710e-01;nan;1.126369e-01
7.440000e-01;2.500000e-01;2.997607e-01;nan;1.163532e-01
7.440000e-01;2.571429e-01;3.076053e-01;nan;1.200960e-01
7.440000e-01;2.642857e-01;3.154043e-01;nan;1.238658e-01
7.440000e-01;2.714286e-01;3.231571e-01;nan;1.276629e-01
7.440000e-01;2.785714e-01;3.308632e-01;nan;1.314876e-01
7.440000e-01;2.857143e-01;3.385220e-01;nan;1.353404e-01
7.440000e-01;2.928571e-01;3.461330e-01;nan;1.392216e-01
7.440000e-01;3.000000e-01;3.536956e-01;nan;1.431316e-01
7.440000e-01;3.071429e-01;3.612092e-01;nan;1.470708e-01
7.440000e-01;3.142857e-01;3.686731e-01;nan;1.510396e-01
7.440000e-01;3.214286e-01;3.760868e-01;nan;1.550383e-01
7.440000e-01;3.285714e-01;3.834496e-01;nan;1.590675e-01
7.440000e-01;3.357143e-01;3.907609e-01;nan;1.631276e-01
7.440000e-01;3.428571e-01;3.980200e-01;nan;1.672190e-01
7.440000e-01;3.500000e-01;4.052263e-01;nan;1.713420e-01
7.440000e-01;3.571429e-01;4.123790e-01;nan;1.754973e-01
7.440000e-01;3.642857e-01;4.194775e-01;nan;1.796852e-01
7.440000e-01;3.714286e-01;4.265210e-01;nan;1.839063e-01
7.440000e-01;3.785714e-01;4.335089e-01;nan;1.881610e-01
7.440000e-01;3.857143e-01;4.404402e-01;nan;1.924498e-01
7.440000e-01;3.928571e-01;4.473144e-01;nan;1.967733e-01
7.440000e-01;4.000000e-01;4.541306e-01;nan;2.011319e-01
7.440000e-01;4.071429e-01;4.608879e-01;nan;2.055262e-01
7.440000e-01;4.142857e-01;4.675856e-01;nan;2.099567e-01
7.440000e-01;4.214286e-01;4.742228e-01;nan;2.144240e-01
7.440000e-01;4.285714e-01;4.807987e-01;nan;2.189287e-01
7.440000e-01;4.357143e-01;4.873124e-01;nan;2.234713e-01
7.440000e-01;4.428571e-01;4.937629e-01;nan;2.280525e-01
7.440000e-01;4.500000e-01;5.001493e-01;nan;2.326728e-01
7.440000e-01;4.571429e-01;5.064707e-01;nan;2.373330e-01
7.440000e-01;4.642857e-01;5.127261e-01;nan;2.420335e-01
7.440000e-01;4.714286e-01;5.189145e-01;nan;2.467752e-01
7.440000e-01;4.785714e-01;5.250349e-01;nan;2.515586e-01
7.440000e-01;4.857143e-01;5.310861e-01;nan;2.563845e-01
7.440000e-01;4.928571e-01;5.370672e-01;nan;2.612536e-01
7.440000e-01;5.000000e-01;5.429769e-01;nan;2.661666e-01
7.440000e-01;5.071429e-01;5.488142e-01;nan;2.711243e-01
7.440000e-01;5.142857e-01;5.545779e-01;nan;2.761274e-01
7.440000e-01;5.214286e-01;5.602668e-01;nan;2.811767e-01
7.440000e-01;5.285714e-01;5.658795e-01;nan;2.862731e-01
7.440000e-01;5.357143e-01;5.714149e-01;nan;2.914173e-01
7.440000e-01;5.428571e-01;5.768715e-01;nan;2.966103e-01
7.440000e-01;5.500000e-01;5.822481e-01;nan;3.018528e-01
7.440000e-01;5.571429e-01;5.875433e-01;nan;3.071459e-01
7.440000e-01;5.642857e-01;5.927555e-01;nan;3.124904e-01
7.440000e-01;5.714286e-01;5.978833e-01;nan;3.178872e-01
7.440000e-01;5.785714e-01;6.029251e-01;nan;3.233375e-01
7.440000e-01;5.857143e-01;6.078795e-01;nan;3.288421e-01
7.440000e-01;5.928571e-01;6.127446e-01;nan;3.344021e-01
7.440000e-01;6.000000e-01;6.175189e-01;nan;3.400186e-01
7.440000e-01;6.071429e-01;6.222005e-01;nan;3.456927e-01
7.440000e-01;6.142857e-01;6.267877e-01;nan;3.514254e-01
7.440000e-01;6.214286e-01;6.312786e-01;nan;3.572181e-01
7.440000e-01;6.285714e-01;6.356713e-01;nan;3.630718e-01
7.440000e-01;6.357143e-01;6.399637e-01;nan;3.689879e-01
7.440000e-01;6.428571e-01;6.441537e-01;nan;3.749675e-01
7.440000e-01;6.500000e-01;6.482393e-01;nan;3.810121e-01
7.440000e-01;6.571429e-01;6.522181e-01;nan;3.871229e-01
7.440000e-01;6.642857e-01;6.560879e-01;nan;3.933014e-01
7.440000e-01;6.714286e-01;6.598463e-01;nan;3.995491e-01
7.440000e-01;6.785714e-01;6.636758e-01;nan;4.055303e-01
7.440000e-01;6.857143e-01;6.676101e-01;nan;4.112733e-01
7.440000e-01;6.928571e-01;6.715892e-01;nan;4.168957e-01
7.440000e-01;7.000000e-01;6.755945e-01;nan;4.224313e-01
7.440000e-01;7.071429e-01;6.796169e-01;nan;4.278969e-01
7.440000e-01;7.142857e-01;6.836495e-01;nan;4.333048e-01
7.440000e-01;7.214286e-01;6.876879e-01;nan;4.386628e-01
7.440000e-01;7.285714e-01;6.917303e-01;nan;4.439758e-01
7.440000e-01;7.357143e-01;6.957731e-01;nan;4.492493e-01
7.440000e-01;7.428571e-01;6.998147e-01;nan;4.544866e-01
7.440000e-01;7.500000e-01;7.038544e-01;nan;4.596903e-01
7.440000e-01;7.571429e-01;7.078899e-01;nan;4.648637e-01
7.440000e-01;7.642857e-01;7.119205e-01;nan;4.700085e-01
7.440000e-01;7.714286e-01;7.159460e-01;nan;4.751262e-01
7.440000e-01;7.785714e-01;7.199657e-01;nan;4.802184e-01
7.440000e-01;7.857143e-01;7.239790e-01;nan;4.852864e-01
7.440000e-01;7.928571e-01;7.279847e-01;nan;4.903320e-01
7.440000e-01;8.000000e-01;7.319823e-01;nan;4.953562e-01
7.440000e-01;8.071429e-01;7.359733e-01;nan;5.003588e-01
7.440000e-01;8.142857e-01;7.399551e-01;nan;5.053422e-01
7.440000e-01;8.214286e-01;7.439286e-01;nan;5.103064e-01
7.440000e-01;8.285714e-01;7.478944e-01;nan;5.152517e-01
7.440000e-01;8.357143e-01;7.518507e-01;nan;5.201797e-01
7.440000e-01;8.428571e-01;7.557979e-01;nan;5.250905e-01
7.440000e-01;8.500000e-01;7.597360e-01;nan;5.299848e-01
7.440000e-01;8.571429e-01;7.636651e-01;nan;5.348629e-01
7.440000e-01;8.642857e-01;7.675850e-01;nan;5.397253e-01
7.440000e-01;8.714286e-01;7.714956e-01;nan;5.445726e-01
7.440000e-01;8.785714e-01;7.753965e-01;nan;5.494051e-01
7.440000e-01;8.857143e-01;7.792874e-01;nan;5.542236e-01
7.440000e-01;8.928571e-01;7.831683e-01;nan;5.590281e-01
7.440000e-01;9.000000e-01;7.870420e-01;nan;5.638180e-01
7.440000e-01;9.071429e-01;7.909048e-01;nan;5.685951e-01
7.440000e-01;9.142857e-01;7.947563e-01;nan;5.733597e-01
7.440000e-01;9.214286e-01;7.986017e-01;nan;5.781103e-01
7.440000e-01;9.285714e-01;8.024341e-01;nan;5.828495e-01
7.440000e-01;9.357143e-01;8.062597e-01;nan;5.875754e-01
7.440000e-01;9.428571e-01;8.100729e-01;nan;5.922903e-01
7.440000e-01;9.500000e-01;8.138794e-01;nan;5.969924e-01
7.440000e-01;9.571429e-01;8.176726e-01;nan;6.016841e-01
7.440000e-01;9.642857e-01;8.214606e-01;nan;6.063630e-01
7.440000e-01;9.714286e-01;8.252364e-01;nan;6.110315e-01
7.440000e-01;9.785714e-01;8.290016e-01;nan;6.156894e-01
7.440000e-01;9.857143e-01;8.327608e-01;nan;6.203354e-01
7.440000e-01;9.928571e-01;8.365083e-01;nan;6.249713e-01
7.440000e-01;1.000000e+00;8.402447e-01;nan;6.295973e-01
7.440000e-01;1.007143e+00;8.439742e-01;nan;6.342122e-01
7.440000e-01;1.014286e+00;8.476948e-01;nan;6.388167e-01
7.440000e-01;1.021429e+00;8.514050e-01;nan;6.434116e-01
7.440000e-01;1.028571e+00;8.551050e-01;nan;6.479967e-01
7.440000e-01;1.035714e+00;8.587951e-01;nan;6.525722e-01
7.440000e-01;1.042857e+00;8.624757e-01;nan;6.571382e-01
7.440000e-01;1.050000e+00;8.661498e-01;nan;6.616939e-01
7.440000e-01;1.057143e+00;8.698143e-01;nan;6.662404e-01
7.440000e-01;1.064286e+00;8.734693e-01;nan;6.707777e-01
7.440000e-01;1.071429e+00;8.771150e-01;nan;6.753059e-01
7.440000e-01;1.078571e+00;8.807515e-01;nan;6.798251e-01
7.440000e-01;1.085714e+00;8.843788e-01;nan;6.843354e-01
7.440000e-01;1.092857e+00;8.879970e-01;nan;6.888369e-01
7.440000e-01;1.100000e+00;8.916062e-01;nan;6.933296e-01
7.440000e-01;1.107143e+00;8.952064e-01;nan;6.978137e-01
7.440000e-01;1.114286e+00;8.987976e-01;nan;7.022893e-01
7.440000e-01;1.121429e+00;9.023796e-01;nan;7.067564e-01
7.440000e-01;1.128571e+00;9.059526e-01;nan;7.112153e-01
7.440000e-01;1.135714e+00;9.095162e-01;nan;7.156659e-01
7.440000e-01;1.142857e+00;9.130727e-01;nan;7.201080e-01
7.440000e-01;1.150000e+00;9.166220e-01;nan;7.245418e-01
7.440000e-01;1.157143e+00;9.201624e-01;nan;7.289676e-01
7.440000e-01;1.164286e+00;9.236935e-01;nan;7.333856e-01
7.440000e-01;1.171429e+00;9.272153e-01;nan;7.377957e-01
7.440000e-01;1.178571e+00;9.307273e-01;nan;7.421982e-01
7.440000e-01;1.185714e+00;9.342293e-01;nan;7.465932e-01
7.440000e-01;1.192857e+00;9.377276e-01;nan;7.509798e-01
7.440000e-01;1.200000e+00;9.412178e-01;nan;7.553588e-01
7.440000e-01;1.207143e+00;9.446979e-01;nan;7.597305e-01
7.440000e-01;1.214286e+00;9.481675e-01;nan;7.640949e-01
7.440000e-01;1.221429e+00;9.516274e-01;nan;7.684520e-01
7.440000e-01;1.228571e+00;9.550863e-01;nan;7.728010e-01
7.440000e-01;1.235714e+00;9.585341e-01;nan;7.771430e-01
7.440000e-01;1.242857e+00;9.619704e-01;nan;7.814780e-01
7.440000e-01;1.250000e+00;9.653986e-01;nan;7.858059e-01
7.440000e-01;1.257143e+00;9.688249e-01;nan;7.901261e-01
7.440000e-01;1.264286e+00;9.722390e-01;nan;7.944395e-01
7.440000e-01;1.271429e+00;9.756403e-01;nan;7.987463e-01
7.440000e-01;1.278571e+00;9.790429e-01;nan;8.030454e-01
7.440000e-01;1.285714e+00;9.824343e-01;nan;8.073378e-01
7.440000e-01;1.292857e+00;9.858120e-01;nan;8.116237e-01
7.440000e-01;1.300000e+00;9.891902e-01;nan;8.159023e-01
7.440000e-01;1.307143e+00;9.925581e-01;nan;8.201742e-01
7.440000e-01;1.314286e+00;9.959110e-01;nan;8.244398e-01
7.440000e-01;1.321429e+00;9.992679e-01;nan;8.286981e-01
7.440000e-01;1.328571e+00;1.002611e+00;nan;8.329501e-01
7.440000e-01;1.335714e+00;1.005943e+00;nan;8.371955e-01
7.440000e-01;1.342857e+00;1.009276e+00;nan;8.414341e-01
7.440000e-01;1.350000e+00;1.012593e+00;nan;8.456665e-01
7.440000e-01;1.357143e+00;1.015908e+00;nan;8.498922e-01
7.440000e-01;1.364286e+00;1.019215e+00;nan;8.541116e-01
7.440000e-01;1.371429e+00;1.022508e+00;nan;8.583246e-01
7.440000e-01;1.378571e+00;1.025804e+00;nan;8.625311e-01
7.440000e-01;1.385714e+00;1.029081e+00;nan;8.667315e-01
7.440000e-01;1.392857e+00;1.032362e+00;nan;8.709255e-01
7.440000e-01;1.400000e+00;1.035628e+00;nan;8.751133e-01
7.440000e-01;1.407143e+00;1.038890e+00;nan;8.792949e-01
7.440000e-01;1.414286e+00;1.042144e+00;nan;8.834703e-01
7.440000e-01;1.421429e+00;1.045388e+00;nan;8.876396e-01
7.440000e-01;1.428571e+00;1.048631e+00;nan;8.918028e-01
7.440000e-01;1.435714e+00;1.051857e+00;nan;8.959599e-01
7.440000e-01;1.442857e+00;1.055088e+00;nan;9.001111e-01
7.440000e-01;1.450000e+00;1.058298e+00;nan;9.042560e-01
7.440000e-01;1.457143e+00;1.061516e+00;nan;9.083953e-01
7.440000e-01;1.464286e+00;1.064711e+00;nan;9.125284e-01
7.440000e-01;1.471429e+00;1.067916e+00;nan;9.166559e-01
7.440000e-01;1.478571e+00;1.071097e+00;nan;9.207771e-01
7.440000e-01;1.485714e+00;1.074288e+00;nan;9.248930e-01
7.440000e-01;1.492857e+00;1.077455e+00;nan;9.290026e-01
7.440000e-01;1.500000e+00;1.080631e+00;nan;9.331069e-01
7.440000e-01;1.507143e+00;1.083787e+00;nan;9.372050e-01
7.440000e-01;1.514286e+00;1.086947e+00;nan;9.412979e-01
7.440000e-01;1.521429e+00;1.090091e+00;nan;9.453846e-01
7.440000e-01;1.528571e+00;1.093235e+00;nan;9.494660e-01
7.440000e-01;1.535714e+00;1.096368e+00;nan;9.535415e-01
7.440000e-01;1.542857e+00;1.099494e+00;nan;9.576115e-01
7.440000e-01;1.550000e+00;1.102618e+00;nan;9.616761e-01
7.440000e-01;1.557143e+00;1.105725e+00;nan;9.657346e-01
7.440000e-01;1.564286e+00;1.108840e+00;nan;9.697885e-01
7.440000e-01;1.571429e+00;1.111930e+00;nan;9.738356e-01
7.440000e-01;1.578571e+00;1.115035e+00;nan;9.778787e-01
7.440000e-01;1.585714e+00;1.118117e+00;nan;9.819153e-01
7.440000e-01;1.592857e+00;1.121200e+00;nan;9.859470e-01
7.440000e-01;1.600000e+00;1.124276e+00;nan;9.899733e-01
7.440000e-01;1.607143e+00;1.127336e+00;nan;9.939934e-01
7.440000e-01;1.614286e+00;1.130407e+00;nan;9.980096e-01
7.440000e-01;1.621429e+00;1.133453e+00;nan;1.002019e+00
7.440000e-01;1.628571e+00;1.136508e+00;nan;1.006024e+00
7.440000e-01;1.635714e+00;1.139550e+00;nan;1.010024e+00
7.440000e-01;1.642857e+00;1.142579e+00;nan;1.014017e+00
7.440000e-01;1.650000e+00;1.145617e+00;nan;1.018007e+00
7.440000e-01;1.657143e+00;1.148631e+00;nan;1.021990e+00
7.440000e-01;1.664286e+00;1.151653e+00;nan;1.025969e+00
7.440000e-01;1.671429e+00;1.154665e+00;nan;1.029943e+00
7.440000e-01;1.678571e+00;1.157657e+00;nan;1.033910e+00
7.440000e-01;1.685714e+00;1.160667e+00;nan;1.037874e+00
7.440000e-01;1.692857e+00;1.163655e+00;nan;1.041832e+00
7.440000e-01;1.700000e+00;1.166637e+00;nan;1.045785e+00
7.440000e-01;1.707143e+00;1.169624e+00;nan;1.049733e+00
7.440000e-01;1.714286e+00;1.172588e+00;nan;1.053675e+00
7.440000e-01;1.721429e+00;1.175559e+00;nan;1.057614e+00
7.440000e-01;1.728571e+00;1.178524e+00;nan;1.061547e+00
7.440000e-01;1.735714e+00;1.181466e+00;nan;1.065473e+00
7.440000e-01;1.742857e+00;1.184424e+00;nan;1.069397e+00
7.440000e-01;1.750000e+00;1.187368e+00;nan;1.073315e+00
7.440000e-01;1.757143e+00;1.190291e+00;nan;1.077227e+00
7.440000e-01;1.764286e+00;1.193234e+00;nan;1.081136e+00
7.440000e-01;1.771429e+00;1.196159e+00;nan;1.085040e+00
7.440000e-01;1.778571e+00;1.199063e+00;nan;1.088936e+00
7.440000e-01;1.785714e+00;1.201990e+00;nan;1.092831e+00
7.440000e-01;1.792857e+00;1.204897e+00;nan;1.096720e+00
7.440000e-01;1.800000e+00;1.207783e+00;nan;1.100602e+00
7.440000e-01;1.807143e+00;1.210691e+00;nan;1.104483e+00
7.440000e-01;1.814286e+00;1.213582e+00;nan;1.108357e+00
7.440000e-01;1.821429e+00;1.216452e+00;nan;1.112225e+00
7.440000e-01;1.828571e+00;1.219340e+00;nan;1.116091e+00
7.440000e-01;1.835714e+00;1.222215e+00;nan;1.119952e+00
7.440000e-01;1.842857e+00;1.225070e+00;nan;1.123805e+00
7.440000e-01;1.850000e+00;1.227934e+00;nan;1.127656e+00
7.440000e-01;1.857143e+00;1.230796e+00;nan;1.131503e+00
7.440000e-01;1.864286e+00;1.233637e+00;nan;1.135343e+00
7.440000e-01;1.871429e+00;1.236475e+00;nan;1.139179e+00
7.440000e-01;1.878571e+00;1.239324e+00;nan;1.143013e+00
7.440000e-01;1.885714e+00;1.242153e+00;nan;1.146840e+00
7.440000e-01;1.892857e+00;1.244962e+00;nan;1.150659e+00
7.440000e-01;1.900000e+00;1.247799e+00;nan;1.154480e+00
7.440000e-01;1.907143e+00;1.250617e+00;nan;1.158294e+00
7.440000e-01;1.914286e+00;1.253415e+00;nan;1.162101e+00
7.440000e-01;1.921429e+00;1.256220e+00;nan;1.165906e+00
7.440000e-01;1.928571e+00;1.259028e+00;nan;1.169708e+00
7.440000e-01;1.935714e+00;1.261816e+00;nan;1.173502e+00
7.440000e-01;1.942857e+00;1.264586e+00;nan;1.177289e+00
7.440000e-01;1.950000e+00;1.267385e+00;nan;1.181079e+00
7.440000e-01;1.957143e+00;1.270165e+00;nan;1.184862e+00
7.440000e-01;1.964286e+00;1.272926e+00;nan;1.188637e+00
7.440000e-01;1.971429e+00;1.275686e+00;nan;1.192409e+00
7.440000e-01;1.978571e+00;1.278459e+00;nan;1.196180e+00
7.440000e-01;1.985714e+00;1.281214e+00;nan;1.199944e+00
7.440000e-01;1.992857e+00;1.283949e+00;nan;1.203701e+00
7.440000e-01;2.000000e+00;1.286697e+00;nan;1.207458e+00
7.440000e-01;2.000000e+00;1.286697e+00;nan;1.207458e+00
7.440000e-01;2.171429e+00;1.350962e+00;nan;1.296295e+00
7.440000e-01;2.342857e+00;1.412376e+00;nan;1.382776e+00
7.440000e-01;2.514286e+00;1.471121e+00;nan;1.467038e+00
7.440000e-01;2.685714e+00;1.527319e+00;nan;1.549186e+00
7.440000e-01;2.857143e+00;1.581210e+00;nan;1.629355e+00
7.440000e-01;3.028571e+00;1.632833e+00;1.624354e+00;1.707603e+00
7.440000e-01;3.200000e+00;1.682331e+00;1.674146e+00;1.784020e+00
7.440000e-01;3.371429e+00;1.729887e+00;1.721941e+00;1.858713e+00
7.440000e-01;3.542857e+00;1.775546e+00;1.767842e+00;1.931728e+00
7.440000e-01;3.714286e+00;1.819394e+00;1.811946e+00;2.003126e+00
7.440000e-01;3.885714e+00;1.861517e+00;1.854348e+00;2.072965e+00
7.440000e-01;4.057143e+00;1.901965e+00;1.895132e+00;2.141284e+00
7.440000e-01;4.228571e+00;1.941108e+00;1.934385e+00;2.208293e+00
7.440000e-01;4.400000e+00;1.978526e+00;1.972185e+00;2.273780e+00
7.440000e-01;4.571429e+00;2.014845e+00;2.008609e+00;2.338101e+00
7.440000e-01;4.742857e+00;2.049786e+00;2.043726e+00;2.401113e+00
7.440000e-01;4.914286e+00;2.083415e+00;2.077609e+00;2.462861e+00
7.440000e-01;5.085714e+00;2.115861e+00;2.110318e+00;2.523429e+00
7.440000e-01;5.257143e+00;2.147231e+00;2.141918e+00;2.582890e+00
7.440000e-01;5.428571e+00;2.177604e+00;2.172465e+00;2.641304e+00
7.440000e-01;5.600000e+00;2.207031e+00;2.202013e+00;2.698710e+00
7.440000e-01;5.771429e+00;2.235529e+00;2.230615e+00;2.755128e+00
7.440000e-01;5.942857e+00;2.263082e+00;2.258317e+00;2.810555e+00
7.440000e-01;6.114286e+00;2.289631e+00;2.285167e+00;2.864955e+00
7.440000e-01;6.285714e+00;2.315269e+00;2.311204e+00;2.918392e+00
7.440000e-01;6.457143e+00;2.340743e+00;2.336469e+00;2.971384e+00
7.440000e-01;6.628571e+00;2.365119e+00;2.360999e+00;3.023301e+00
7.440000e-01;6.800000e+00;2.388372e+00;2.384827e+00;3.074121e+00
7.440000e-01;6.971429e+00;2.411911e+00;2.407985e+00;3.124843e+00
7.440000e-01;7.142857e+00;2.433994e+00;2.430505e+00;3.174238e+00
7.440000e-01;7.314286e+00;2.455998e+00;2.452412e+00;3.223295e+00
7.440000e-01;7.485714e+00;2.477127e+00;2.473734e+00;3.271445e+00
7.440000e-01;7.657143e+00;2.497798e+00;2.494495e+00;3.318994e+00
7.440000e-01;7.828571e+00;2.517882e+00;2.514715e+00;3.365852e+00
7.440000e-01;8.000000e+00;2.537586e+00;2.534418e+00;3.412178e+00
7.440000e-01;8.171429e+00;2.556390e+00;2.553624e+00;3.457582e+00
7.440000e-01;8.342857e+00;2.575470e+00;2.572348e+00;3.502965e+00
7.440000e-01;8.514286e+00;2.592614e+00;2.590611e+00;3.546623e+00
7.440000e-01;8.685714e+00;2.611382e+00;2.608428e+00;3.591328e+00
7.440000e-01;8.857143e+00;2.628361e+00;2.625814e+00;3.634417e+00
7.440000e-01;9.028571e+00;2.645056e+00;2.642784e+00;3.677072e+00
7.440000e-01;9.200000e+00;2.662151e+00;2.659351e+00;3.719844e+00
7.440000e-01;9.371429e+00;2.677568e+00;2.675529e+00;3.761070e+00
7.440000e-01;9.542857e+00;2.693466e+00;2.691329e+00;3.802491e+00
7.440000e-01;9.714286e+00;2.709391e+00;2.706762e+00;3.843748e+00
7.440000e-01;9.885714e+00;2.723761e+00;2.721842e+00;3.883543e+00
7.440000e-01;1.005714e+01;2.738186e+00;2.736576e+00;3.923202e+00
7.440000e-01;1.022857e+01;2.753410e+00;2.750974e+00;3.963353e+00
7.440000e-01;1.040000e+01;2.767206e+00;2.765048e+00;4.002140e+00
7.440000e-01;1.057143e+01;2.779553e+00;2.778805e+00;4.039527e+00
7.440000e-01;1.074286e+01;2.794074e+00;2.792254e+00;4.078598e+00
7.440000e-01;1.091429e+01;2.807722e+00;2.805402e+00;4.116769e+00
7.440000e-01;1.108571e+01;2.820054e+00;2.818259e+00;4.153651e+00
7.440000e-01;1.125714e+01;2.831049e+00;2.830831e+00;4.189215e+00
7.440000e-01;1.142857e+01;2.844628e+00;2.843126e+00;4.226875e+00
7.440000e-01;1.160000e+01;2.857310e+00;2.855148e+00;4.263613e+00
7.440000e-01;1.177143e+01;2.868795e+00;2.866908e+00;4.299153e+00
7.440000e-01;1.194286e+01;2.879063e+00;2.878409e+00;4.333469e+00
7.440000e-01;1.211429e+01;2.890028e+00;2.889659e+00;4.368259e+00
7.440000e-01;1.228571e+01;2.902295e+00;2.900661e+00;4.404081e+00
7.440000e-01;1.245714e+01;2.913485e+00;2.911423e+00;4.438808e+00
7.440000e-01;1.262857e+01;2.923585e+00;2.921951e+00;4.472418e+00
7.440000e-01;1.280000e+01;2.932579e+00;2.932248e+00;4.504888e+00
7.440000e-01;1.297143e+01;2.941899e+00;2.942320e+00;4.537520e+00
7.440000e-01;1.314286e+01;2.953269e+00;2.952171e+00;4.571910e+00
7.440000e-01;1.331429e+01;2.963673e+00;2.961807e+00;4.605295e+00
7.440000e-01;1.348571e+01;2.973099e+00;2.971232e+00;4.637658e+00
7.440000e-01;1.365714e+01;2.981536e+00;2.980450e+00;4.668979e+00
7.440000e-01;1.382857e+01;2.988972e+00;2.989464e+00;4.699238e+00
7.440000e-01;1.400000e+01;2.997354e+00;2.998280e+00;4.730263e+00
7.440000e-01;1.417143e+01;3.007588e+00;3.006902e+00;4.762925e+00
7.440000e-01;1.434286e+01;3.016961e+00;3.015332e+00;4.794668e+00
7.440000e-01;1.451429e+01;3.025463e+00;3.023575e+00;4.825479e+00
7.440000e-01;1.468571e+01;3.033085e+00;3.031634e+00;4.855340e+00
7.440000e-01;1.485714e+01;3.039817e+00;3.039512e+00;4.884235e+00
7.440000e-01;1.502857e+01;3.045648e+00;3.047213e+00;4.912147e+00
7.440000e-01;1.520000e+01;3.053211e+00;3.054741e+00;4.941623e+00
7.440000e-01;1.537143e+01;3.062282e+00;3.062098e+00;4.972466e+00
7.440000e-01;1.554286e+01;3.070593e+00;3.069286e+00;5.002477e+00
7.440000e-01;1.571429e+01;3.078137e+00;3.076309e+00;5.031643e+00
7.440000e-01;1.588571e+01;3.084904e+00;3.083172e+00;5.059952e+00
7.440000e-01;1.605714e+01;3.090888e+00;3.089875e+00;5.087388e+00
7.440000e-01;1.622857e+01;3.096079e+00;3.096421e+00;5.113938e+00
7.440000e-01;1.640000e+01;3.100471e+00;3.102813e+00;5.139588e+00
7.440000e-01;1.657143e+01;3.106192e+00;3.109053e+00;5.166461e+00
7.440000e-01;1.674286e+01;3.114249e+00;3.115145e+00;5.195583e+00
7.440000e-01;1.691429e+01;3.121644e+00;3.121091e+00;5.223962e+00
7.440000e-01;1.708571e+01;3.128372e+00;3.126892e+00;5.251585e+00
7.440000e-01;1.725714e+01;3.134426e+00;3.132551e+00;5.278444e+00
7.440000e-01;1.742857e+01;3.139800e+00;3.138070e+00;5.304526e+00
7.440000e-01;1.760000e+01;3.144487e+00;3.143452e+00;5.329820e+00
7.440000e-01;1.777143e+01;3.148481e+00;3.148699e+00;5.354314e+00
7.440000e-01;1.794286e+01;3.151775e+00;3.153813e+00;5.377997e+00
7.440000e-01;1.811429e+01;3.154363e+00;3.158795e+00;5.400856e+00
7.440000e-01;1.828571e+01;3.159970e+00;3.163647e+00;5.426742e+00
7.440000e-01;1.845714e+01;3.166731e+00;3.168372e+00;5.453749e+00
7.440000e-01;1.862857e+01;3.172923e+00;3.172972e+00;5.480095e+00
7.440000e-01;1.880000e+01;3.178540e+00;3.177448e+00;5.505771e+00
7.440000e-01;1.897143e+01;3.183579e+00;3.181802e+00;5.530769e+00
7.440000e-01;1.914286e+01;3.188033e+00;3.186035e+00;5.555079e+00
7.440000e-01;1.931429e+01;3.191898e+00;3.190150e+00;5.578693e+00
7.440000e-01;1.948571e+01;3.195169e+00;3.194147e+00;5.601601e+00
7.440000e-01;1.965714e+01;3.197840e+00;3.198030e+00;5.623793e+00
7.440000e-01;1.982857e+01;3.199907e+00;3.201799e+00;5.645261e+00
7.440000e-01;2.000000e+01;3.201364e+00;3.205456e+00;5.665993e+00
7.440000e-01;2.017143e+01;3.202207e+00;3.209002e+00;5.685981e+00
7.440000e-01;2.034286e+01;3.207128e+00;3.212438e+00;5.710258e+00
7.440000e-01;2.051429e+01;3.212666e+00;3.215766e+00;5.735135e+00
7.440000e-01;2.068571e+01;3.217723e+00;3.218988e+00;5.759434e+00
7.440000e-01;2.085714e+01;3.222294e+00;3.222106e+00;5.783148e+00
7.440000e-01;2.102857e+01;3.226378e+00;3.225120e+00;5.806270e+00
7.440000e-01;2.120000e+01;3.229969e+00;3.228031e+00;5.828794e+00
7.440000e-01;2.137143e+01;3.233064e+00;3.230841e+00;5.850712e+00
7.440000e-01;2.154286e+01;3.235659e+00;3.233551e+00;5.872017e+00
7.440000e-01;2.171429e+01;3.237751e+00;3.236162e+00;5.892701e+00
7.440000e-01;2.188571e+01;3.239334e+00;3.238677e+00;5.912757e+00
7.440000e-01;2.205714e+01;3.240406e+00;3.241095e+00;5.932178e+00
7.440000e-01;2.222857e+01;3.240963e+00;3.243419e+00;5.950955e+00
7.440000e-01;2.240000e+01;3.241000e+00;3.245648e+00;5.969081e+00
7.440000e-01;2.257143e+01;3.240513e+00;3.247784e+00;5.986548e+00
7.440000e-01;2.274286e+01;3.239513e+00;3.249828e+00;6.003362e+00
7.440000e-01;2.291429e+01;3.244167e+00;3.251783e+00;6.026419e+00
7.440000e-01;2.308571e+01;3.248426e+00;3.253648e+00;6.048983e+00
7.440000e-01;2.325714e+01;3.252288e+00;3.255424e+00;6.071052e+00
7.440000e-01;2.342857e+01;3.255749e+00;3.257113e+00;6.092617e+00
7.440000e-01;2.360000e+01;3.258807e+00;3.258715e+00;6.113676e+00
7.440000e-01;2.377143e+01;3.261458e+00;3.260231e+00;6.134222e+00
7.440000e-01;2.394286e+01;3.263701e+00;3.261663e+00;6.154250e+00
7.440000e-01;2.411429e+01;3.265532e+00;3.263012e+00;6.173754e+00
7.440000e-01;2.428571e+01;3.266948e+00;3.264278e+00;6.192728e+00
7.440000e-01;2.445714e+01;3.267947e+00;3.265462e+00;6.211168e+00
7.440000e-01;2.462857e+01;3.268526e+00;3.266566e+00;6.229068e+00
7.440000e-01;2.480000e+01;3.268682e+00;3.267588e+00;6.246421e+00
7.440000e-01;2.497143e+01;3.268411e+00;3.268532e+00;6.263221e+00
7.440000e-01;2.514286e+01;3.267712e+00;3.269397e+00;6.279463e+00
7.440000e-01;2.531429e+01;3.266581e+00;3.270186e+00;6.295141e+00
7.440000e-01;2.548571e+01;3.265015e+00;3.270898e+00;6.310248e+00
7.440000e-01;2.565714e+01;3.263011e+00;3.271533e+00;6.324778e+00
7.440000e-01;2.582857e+01;3.260567e+00;3.272094e+00;6.338724e+00
7.440000e-01;2.600000e+01;3.257818e+00;3.272579e+00;6.352244e+00
7.440000e-01;2.617143e+01;3.261142e+00;3.272991e+00;6.372799e+00
7.440000e-01;2.634286e+01;3.264149e+00;3.273331e+00;6.392942e+00
7.440000e-01;2.651429e+01;3.266836e+00;3.273599e+00;6.412667e+00
7.440000e-01;2.668571e+01;3.269202e+00;3.273795e+00;6.431972e+00
7.440000e-01;2.685714e+01;3.271245e+00;3.273921e+00;6.450853e+00
7.440000e-01;2.702857e+01;3.272963e+00;3.273977e+00;6.469305e+00
7.440000e-01;2.720000e+01;3.274353e+00;3.273963e+00;6.487324e+00
7.440000e-01;2.737143e+01;3.275414e+00;3.273880e+00;6.504907e+00
7.440000e-01;2.754286e+01;3.276143e+00;3.273729e+00;6.522049e+00
7.440000e-01;2.771429e+01;3.276539e+00;3.273512e+00;6.538746e+00
7.440000e-01;2.788571e+01;3.276600e+00;3.273228e+00;6.554995e+00
7.440000e-01;2.805714e+01;3.276324e+00;3.272878e+00;6.570790e+00
7.440000e-01;2.822857e+01;3.275709e+00;3.272463e+00;6.586127e+00
7.440000e-01;2.840000e+01;3.274752e+00;3.271982e+00;6.601003e+00
7.440000e-01;2.857143e+01;3.273451e+00;3.271437e+00;6.615413e+00
7.440000e-01;2.874286e+01;3.271806e+00;3.270828e+00;6.629352e+00
7.440000e-01;2.891429e+01;3.269812e+00;3.270157e+00;6.642816e+00
7.440000e-01;2.908571e+01;3.267470e+00;3.269424e+00;6.655799e+00
7.440000e-01;2.925714e+01;3.264775e+00;3.268629e+00;6.668299e+00
7.440000e-01;2.942857e+01;3.261726e+00;3.267772e+00;6.680309e+00
7.440000e-01;2.960000e+01;3.258322e+00;3.266855e+00;6.691826e+00
7.440000e-01;2.977143e+01;3.254560e+00;3.265877e+00;6.702843e+00
7.440000e-01;2.994286e+01;3.250437e+00;3.264839e+00;6.713358e+00
7.440000e-01;3.011429e+01;3.245952e+00;3.263742e+00;6.723363e+00
7.440000e-01;3.028571e+01;3.241103e+00;3.262587e+00;6.732855e+00
7.440000e-01;3.045714e+01;3.241782e+00;3.261374e+00;6.749106e+00
7.440000e-01;3.062857e+01;3.243524e+00;3.260104e+00;6.766629e+00
7.440000e-01;3.080000e+01;3.245018e+00;3.258776e+00;6.783814e+00
7.440000e-01;3.097143e+01;3.246264e+00;3.257391e+00;6.800656e+00
7.440000e-01;3.114286e+01;3.247261e+00;3.255950e+00;6.817154e+00
7.440000e-01;3.131429e+01;3.248007e+00;3.254453e+00;6.833305e+00
7.440000e-01;3.148571e+01;3.248500e+00;3.252901e+00;6.849105e+00
7.440000e-01;3.165714e+01;3.248740e+00;3.251295e+00;6.864552e+00
7.440000e-01;3.182857e+01;3.248726e+00;3.249635e+00;6.879643e+00
7.440000e-01;3.200000e+01;3.248455e+00;3.247921e+00;6.894376e+00
7.440000e-01;3.217143e+01;3.247927e+00;3.246153e+00;6.908747e+00
7.440000e-01;3.234286e+01;3.247140e+00;3.244332e+00;6.922753e+00
7.440000e-01;3.251429e+01;3.246093e+00;3.242458e+00;6.936392e+00
7.440000e-01;3.268571e+01;3.244785e+00;3.240532e+00;6.949661e+00
7.440000e-01;3.285714e+01;3.243214e+00;3.238555e+00;6.962555e+00
7.440000e-01;3.302857e+01;3.241378e+00;3.236527e+00;6.975074e+00
7.440000e-01;3.320000e+01;3.239277e+00;3.234449e+00;6.987212e+00
7.440000e-01;3.337143e+01;3.236910e+00;3.232319e+00;6.998967e+00
7.440000e-01;3.354286e+01;3.234273e+00;3.230139e+00;7.010337e+00
7.440000e-01;3.371429e+01;3.231367e+00;3.227910e+00;7.021317e+00
7.440000e-01;3.388571e+01;3.228190e+00;3.225631e+00;7.031904e+00
7.440000e-01;3.405714e+01;3.224741e+00;3.223303e+00;7.042096e+00
7.440000e-01;3.422857e+01;3.221017e+00;3.220927e+00;7.051888e+00
7.440000e-01;3.440000e+01;3.217019e+00;3.218503e+00;7.061278e+00
7.440000e-01;3.457143e+01;3.212743e+00;3.216032e+00;7.070262e+00
7.440000e-01;3.474286e+01;3.208189e+00;3.213512e+00;7.078836e+00
7.440000e-01;3.491429e+01;3.203356e+00;3.210946e+00;7.086998e+00
7.440000e-01;3.508571e+01;3.198241e+00;3.208333e+00;7.094743e+00
7.440000e-01;3.525714e+01;3.192844e+00;3.205673e+00;7.102068e+00
7.440000e-01;3.542857e+01;3.187163e+00;3.202967e+00;7.108969e+00
7.440000e-01;3.560000e+01;3.181197e+00;3.200216e+00;7.115443e+00
7.440000e-01;3.577143e+01;3.174944e+00;3.197420e+00;7.121486e+00
7.440000e-01;3.594286e+01;3.168402e+00;3.194579e+00;7.127095e+00
7.440000e-01;3.611429e+01;3.161571e+00;3.191694e+00;7.132265e+00
7.440000e-01;3.628571e+01;3.154448e+00;3.188763e+00;7.136992e+00
7.440000e-01;3.645714e+01;3.152991e+00;3.185789e+00;7.149122e+00
7.440000e-01;3.662857e+01;3.153330e+00;3.182770e+00;7.163587e+00
7.440000e-01;3.680000e+01;3.153488e+00;3.179709e+00;7.177786e+00
7.440000e-01;3.697143e+01;3.153463e+00;3.176604e+00;7.191718e+00
7.440000e-01;3.714286e+01;3.153256e+00;3.173458e+00;7.205380e+00
7.440000e-01;3.731429e+01;3.152865e+00;3.170268e+00;7.218771e+00
7.440000e-01;3.748571e+01;3.152290e+00;3.167036e+00;7.231889e+00
7.440000e-01;3.765714e+01;3.151529e+00;3.163763e+00;7.244731e+00
7.440000e-01;3.782857e+01;3.150581e+00;3.160447e+00;7.257298e+00
7.440000e-01;3.800000e+01;3.149447e+00;3.157090e+00;7.269585e+00
7.440000e-01;3.817143e+01;3.148125e+00;3.153693e+00;7.281592e+00
7.440000e-01;3.834286e+01;3.146614e+00;3.150254e+00;7.293316e+00
7.440000e-01;3.851429e+01;3.144914e+00;3.146776e+00;7.304756e+00
7.440000e-01;3.868571e+01;3.143023e+00;3.143258e+00;7.315909e+00
7.440000e-01;3.885714e+01;3.140942e+00;3.139699e+00;7.326774e+00
7.440000e-01;3.902857e+01;3.138668e+00;3.136101e+00;7.337349e+00
7.440000e-01;3.920000e+01;3.136202e+00;3.132463e+00;7.347631e+00
7.440000e-01;3.937143e+01;3.133542e+00;3.128786e+00;7.357619e+00
7.440000e-01;3.954286e+01;3.130687e+00;3.125070e+00;7.367311e+00
7.440000e-01;3.971429e+01;3.127637e+00;3.121316e+00;7.376703e+00
7.440000e-01;3.988571e+01;3.124391e+00;3.117523e+00;7.385795e+00
7.440000e-01;4.005714e+01;3.120947e+00;3.113693e+00;7.394584e+00
7.440000e-01;4.022857e+01;3.117306e+00;3.109825e+00;7.403068e+00
7.440000e-01;4.040000e+01;3.113465e+00;3.105919e+00;7.411245e+00
7.440000e-01;4.057143e+01;3.109425e+00;3.101975e+00;7.419112e+00
7.440000e-01;4.074286e+01;3.105185e+00;3.097995e+00;7.426668e+00
7.440000e-01;4.091429e+01;3.100742e+00;3.093977e+00;7.433910e+00
7.440000e-01;4.108571e+01;3.096098e+00;3.089923e+00;7.440836e+00
7.440000e-01;4.125714e+01;3.091250e+00;3.085833e+00;7.447443e+00
7.440000e-01;4.142857e+01;3.086198e+00;3.081707e+00;7.453730e+00
7.440000e-01;4.160000e+01;3.080941e+00;3.077545e+00;7.459693e+00
7.440000e-01;4.177143e+01;3.075478e+00;3.073348e+00;7.465332e+00
7.440000e-01;4.194286e+01;3.069808e+00;3.069114e+00;7.470642e+00
7.440000e-01;4.211429e+01;3.063930e+00;3.064845e+00;7.475622e+00
7.440000e-01;4.228571e+01;3.057844e+00;3.060541e+00;7.480270e+00
7.440000e-01;4.245714e+01;3.051548e+00;3.056202e+00;7.484582e+00
7.440000e-01;4.262857e+01;3.045042e+00;3.051830e+00;7.488557e+00
7.440000e-01;4.280000e+01;3.038324e+00;3.047422e+00;7.492192e+00
7.440000e-01;4.297143e+01;3.031394e+00;3.042981e+00;7.495484e+00
7.440000e-01;4.314286e+01;3.024250e+00;3.038506e+00;7.498431e+00
7.440000e-01;4.331429e+01;3.016892e+00;3.033996e+00;7.501029e+00
7.440000e-01;4.348571e+01;3.009320e+00;3.029453e+00;7.503278e+00
7.440000e-01;4.365714e+01;3.001531e+00;3.024877e+00;7.505173e+00
7.440000e-01;4.382857e+01;2.993525e+00;3.020267e+00;7.506712e+00
7.440000e-01;4.400000e+01;2.985301e+00;3.015625e+00;7.507893e+00
7.440000e-01;4.417143e+01;2.976858e+00;3.010950e+00;7.508712e+00
7.440000e-01;4.434286e+01;2.968195e+00;3.006242e+00;7.509167e+00
7.440000e-01;4.451429e+01;2.959312e+00;3.001503e+00;7.509256e+00
7.440000e-01;4.468571e+01;2.950206e+00;2.996730e+00;7.508974e+00
7.440000e-01;4.485714e+01;2.940878e+00;2.991926e+00;7.508320e+00
7.440000e-01;4.502857e+01;2.931327e+00;2.987090e+00;7.507290e+00
7.440000e-01;4.520000e+01;2.921550e+00;2.982222e+00;7.505881e+00
7.440000e-01;4.537143e+01;2.917662e+00;2.977323e+00;7.512859e+00
7.440000e-01;4.554286e+01;2.916488e+00;2.972393e+00;7.523703e+00
7.440000e-01;4.571429e+01;2.915190e+00;2.967431e+00;7.534350e+00
7.440000e-01;4.588571e+01;2.913769e+00;2.962439e+00;7.544799e+00
7.440000e-01;4.605714e+01;2.912224e+00;2.957417e+00;7.555049e+00
7.440000e-01;4.622857e+01;2.910555e+00;2.952363e+00;7.565098e+00
7.440000e-01;4.640000e+01;2.908760e+00;2.947279e+00;7.574946e+00
7.440000e-01;4.657143e+01;2.906840e+00;2.942164e+00;7.584592e+00
7.440000e-01;4.674286e+01;2.904794e+00;2.937020e+00;7.594033e+00
7.440000e-01;4.691429e+01;2.902622e+00;2.931846e+00;7.603269e+00
7.440000e-01;4.708571e+01;2.900322e+00;2.926642e+00;7.612300e+00
7.440000e-01;4.725714e+01;2.897896e+00;2.921410e+00;7.621123e+00
7.440000e-01;4.742857e+01;2.895342e+00;2.916147e+00;7.629738e+00
7.440000e-01;4.760000e+01;2.892659e+00;2.910855e+00;7.638144e+00
7.440000e-01;4.777143e+01;2.889848e+00;2.905534e+00;7.646338e+00
7.440000e-01;4.794286e+01;2.886908e+00;2.900184e+00;7.654321e+00
7.440000e-01;4.811429e+01;2.883839e+00;2.894805e+00;7.662090e+00
7.440000e-01;4.828571e+01;2.880639e+00;2.889398e+00;7.669645e+00
7.440000e-01;4.845714e+01;2.877309e+00;2.883963e+00;7.676985e+00
7.440000e-01;4.862857e+01;2.873847e+00;2.878499e+00;7.684107e+00
7.440000e-01;4.880000e+01;2.870255e+00;2.873008e+00;7.691010e+00
7.440000e-01;4.897143e+01;2.866530e+00;2.867488e+00;7.697695e+00
7.440000e-01;4.914286e+01;2.862672e+00;2.861940e+00;7.704158e+00
7.440000e-01;4.931429e+01;2.858682e+00;2.856365e+00;7.710399e+00
7.440000e-01;4.948571e+01;2.854558e+00;2.850762e+00;7.716416e+00
7.440000e-01;4.965714e+01;2.850300e+00;2.845131e+00;7.722209e+00
7.440000e-01;4.982857e+01;2.845908e+00;2.839474e+00;7.727775e+00
7.440000e-01;5.000000e+01;2.841381e+00;2.833790e+00;7.733114e+00
