# Scenario: Imposed pore pressure; Background stress tau_b/tau_p = 0.696; Injection overpressure Delta_p_inj = 0.700; Production overpressure Delta_p_prod = -0.20; Production duration sqrt(alpha*dt_prod)/a_w = 10000000000.00; Residual friction f_r/f_p = 0.60
# Crack length a/a_w; Time sqrt(alpha*t)/a_w; Table shape (1561,)
3.028571e+00;2.129987e+00
3.200000e+00;2.213645e+00
3.371429e+00;2.295976e+00
3.542857e+00;2.377053e+00
3.714286e+00;2.456942e+00
3.885714e+00;2.535703e+00
4.057143e+00;2.613393e+00
4.228571e+00;2.690063e+00
4.400000e+00;2.765760e+00
4.571429e+00;2.840528e+00
4.742857e+00;2.914408e+00
4.914286e+00;2.987437e+00
5.085714e+00;3.059651e+00
5.257143e+00;3.131083e+00
5.428571e+00;3.201762e+00
5.600000e+00;3.271718e+00
5.771429e+00;3.340978e+00
5.942857e+00;3.409566e+00
6.114286e+00;3.477507e+00
6.285714e+00;3.544823e+00
6.457143e+00;3.611535e+00
6.628571e+00;3.677663e+00
6.800000e+00;3.743226e+00
6.971429e+00;3.808243e+00
7.142857e+00;3.872731e+00
7.314286e+00;3.936705e+00
7.485714e+00;4.000180e+00
7.657143e+00;4.063173e+00
7.828571e+00;4.125696e+00
8.000000e+00;4.187765e+00
8.171429e+00;4.249390e+00
8.342857e+00;4.310585e+00
8.514286e+00;4.371360e+00
8.685714e+00;4.431728e+00
8.857143e+00;4.491700e+00
9.028571e+00;4.551286e+00
9.200000e+00;4.610495e+00
9.371429e+00;4.669337e+00
9.542857e+00;4.727822e+00
9.714286e+00;4.785957e+00
9.885714e+00;4.843752e+00
1.005714e+01;4.901214e+00
1.022857e+01;4.958354e+00
1.040000e+01;5.015176e+00
1.057143e+01;5.071690e+00
1.074286e+01;5.127901e+00
1.091429e+01;5.183817e+00
1.108571e+01;5.239443e+00
1.125714e+01;5.294787e+00
1.142857e+01;5.349855e+00
1.160000e+01;5.404653e+00
1.177143e+01;5.459188e+00
1.194286e+01;5.513463e+00
1.211429e+01;5.567485e+00
1.228571e+01;5.621259e+00
1.245714e+01;5.674789e+00
1.262857e+01;5.728081e+00
1.280000e+01;5.781140e+00
1.297143e+01;5.833969e+00
1.314286e+01;5.886574e+00
1.331429e+01;5.938960e+00
1.348571e+01;5.991131e+00
1.365714e+01;6.043090e+00
1.382857e+01;6.094842e+00
1.400000e+01;6.146390e+00
1.417143e+01;6.197737e+00
1.434286e+01;6.248888e+00
1.451429e+01;6.299846e+00
1.468571e+01;6.350615e+00
1.485714e+01;6.401197e+00
1.502857e+01;6.451597e+00
1.520000e+01;6.501818e+00
1.537143e+01;6.551863e+00
1.554286e+01;6.601735e+00
1.571429e+01;6.651437e+00
1.588571e+01;6.700971e+00
1.605714e+01;6.750340e+00
1.622857e+01;6.799547e+00
1.640000e+01;6.848595e+00
1.657143e+01;6.897485e+00
1.674286e+01;6.946221e+00
1.691429e+01;6.994804e+00
1.708571e+01;7.043239e+00
1.725714e+01;7.091526e+00
1.742857e+01;7.139669e+00
1.760000e+01;7.187670e+00
1.777143e+01;7.235531e+00
1.794286e+01;7.283253e+00
1.811429e+01;7.330840e+00
1.828571e+01;7.378291e+00
1.845714e+01;7.425611e+00
1.862857e+01;7.472800e+00
1.880000e+01;7.519860e+00
1.897143e+01;7.566794e+00
1.914286e+01;7.613603e+00
1.931429e+01;7.660288e+00
1.948571e+01;7.706852e+00
1.965714e+01;7.753297e+00
1.982857e+01;7.799623e+00
2.000000e+01;7.845834e+00
2.017143e+01;7.891930e+00
2.034286e+01;7.937913e+00
2.051429e+01;7.983785e+00
2.068571e+01;8.029547e+00
2.085714e+01;8.075199e+00
2.102857e+01;8.120744e+00
2.120000e+01;8.166183e+00
2.137143e+01;8.211518e+00
2.154286e+01;8.256748e+00
2.171429e+01;8.301877e+00
2.188571e+01;8.346904e+00
2.205714e+01;8.391832e+00
2.222857e+01;8.436662e+00
2.240000e+01;8.481394e+00
2.257143e+01;8.526031e+00
2.274286e+01;8.570573e+00
2.291429e+01;8.615022e+00
2.308571e+01;8.659378e+00
2.325714e+01;8.703643e+00
2.342857e+01;8.747818e+00
2.360000e+01;8.791904e+00
2.377143e+01;8.835902e+00
2.394286e+01;8.879813e+00
2.411429e+01;8.923637e+00
2.428571e+01;8.967376e+00
2.445714e+01;9.011031e+00
2.462857e+01;9.054602e+00
2.480000e+01;9.098090e+00
2.497143e+01;9.141497e+00
2.514286e+01;9.184823e+00
2.531429e+01;9.228069e+00
2.548571e+01;9.271236e+00
2.565714e+01;9.314325e+00
2.582857e+01;9.357336e+00
2.600000e+01;9.400271e+00
2.617143e+01;9.443131e+00
2.634286e+01;9.485915e+00
2.651429e+01;9.528626e+00
2.668571e+01;9.571264e+00
2.685714e+01;9.613829e+00
2.702857e+01;9.656323e+00
2.720000e+01;9.698746e+00
2.737143e+01;9.741098e+00
2.754286e+01;9.783381e+00
2.771429e+01;9.825594e+00
2.788571e+01;9.867739e+00
2.805714e+01;9.909817e+00
2.822857e+01;9.951827e+00
2.840000e+01;9.993771e+00
2.857143e+01;1.003565e+01
2.874286e+01;1.007746e+01
2.891429e+01;1.011921e+01
2.908571e+01;1.016089e+01
2.925714e+01;1.020251e+01
2.942857e+01;1.024407e+01
2.960000e+01;1.028557e+01
2.977143e+01;1.032700e+01
2.994286e+01;1.036837e+01
3.011429e+01;1.040969e+01
3.028571e+01;1.045094e+01
3.045714e+01;1.049213e+01
3.062857e+01;1.053327e+01
3.080000e+01;1.057434e+01
3.097143e+01;1.061536e+01
3.114286e+01;1.065632e+01
3.131429e+01;1.069723e+01
3.148571e+01;1.073808e+01
3.165714e+01;1.077887e+01
3.182857e+01;1.081961e+01
3.200000e+01;1.086029e+01
3.217143e+01;1.090092e+01
3.234286e+01;1.094149e+01
3.251429e+01;1.098201e+01
3.268571e+01;1.102248e+01
3.285714e+01;1.106289e+01
3.302857e+01;1.110325e+01
3.320000e+01;1.114356e+01
3.337143e+01;1.118382e+01
3.354286e+01;1.122403e+01
3.371429e+01;1.126419e+01
3.388571e+01;1.130429e+01
3.405714e+01;1.134435e+01
3.422857e+01;1.138436e+01
3.440000e+01;1.142432e+01
3.457143e+01;1.146423e+01
3.474286e+01;1.150409e+01
3.491429e+01;1.154390e+01
3.508571e+01;1.158367e+01
3.525714e+01;1.162339e+01
3.542857e+01;1.166306e+01
3.560000e+01;1.170269e+01
3.577143e+01;1.174227e+01
3.594286e+01;1.178180e+01
3.611429e+01;1.182129e+01
3.628571e+01;1.186074e+01
3.645714e+01;1.190014e+01
3.662857e+01;1.193949e+01
3.680000e+01;1.197880e+01
3.697143e+01;1.201807e+01
3.714286e+01;1.205730e+01
3.731429e+01;1.209648e+01
3.748571e+01;1.213562e+01
3.765714e+01;1.217471e+01
3.782857e+01;1.221377e+01
3.800000e+01;1.225278e+01
3.817143e+01;1.229175e+01
3.834286e+01;1.233068e+01
3.851429e+01;1.236957e+01
3.868571e+01;1.240841e+01
3.885714e+01;1.244722e+01
3.902857e+01;1.248599e+01
3.920000e+01;1.252471e+01
3.937143e+01;1.256340e+01
3.954286e+01;1.260205e+01
3.971429e+01;1.264065e+01
3.988571e+01;1.267922e+01
4.005714e+01;1.271775e+01
4.022857e+01;1.275625e+01
4.040000e+01;1.279470e+01
4.057143e+01;1.283312e+01
4.074286e+01;1.287150e+01
4.091429e+01;1.290984e+01
4.108571e+01;1.294814e+01
4.125714e+01;1.298641e+01
4.142857e+01;1.302464e+01
4.160000e+01;1.306284e+01
4.177143e+01;1.310100e+01
4.194286e+01;1.313912e+01
4.211429e+01;1.317721e+01
4.228571e+01;1.321526e+01
4.245714e+01;1.325328e+01
4.262857e+01;1.329126e+01
4.280000e+01;1.332921e+01
4.297143e+01;1.336712e+01
4.314286e+01;1.340500e+01
4.331429e+01;1.344285e+01
4.348571e+01;1.348066e+01
4.365714e+01;1.351843e+01
4.382857e+01;1.355618e+01
4.400000e+01;1.359389e+01
4.417143e+01;1.363157e+01
4.434286e+01;1.366921e+01
4.451429e+01;1.370682e+01
4.468571e+01;1.374440e+01
4.485714e+01;1.378195e+01
4.502857e+01;1.381946e+01
4.520000e+01;1.385694e+01
4.537143e+01;1.389439e+01
4.554286e+01;1.393181e+01
4.571429e+01;1.396920e+01
4.588571e+01;1.400656e+01
4.605714e+01;1.404388e+01
4.622857e+01;1.408118e+01
4.640000e+01;1.411844e+01
4.657143e+01;1.415567e+01
4.674286e+01;1.419288e+01
4.691429e+01;1.423005e+01
4.708571e+01;1.426719e+01
4.725714e+01;1.430430e+01
4.742857e+01;1.434139e+01
4.760000e+01;1.437844e+01
4.777143e+01;1.441546e+01
4.794286e+01;1.445246e+01
4.811429e+01;1.448943e+01
4.828571e+01;1.452636e+01
4.845714e+01;1.456327e+01
4.862857e+01;1.460015e+01
4.880000e+01;1.463701e+01
4.897143e+01;1.467383e+01
4.914286e+01;1.471063e+01
4.931429e+01;1.474739e+01
4.948571e+01;1.478414e+01
4.965714e+01;1.482085e+01
4.982857e+01;1.485753e+01
5.000000e+01;1.489419e+01
5.006667e+01;1.490844e+01
5.013333e+01;1.492269e+01
5.020000e+01;1.493693e+01
5.026667e+01;1.495116e+01
5.033333e+01;1.496540e+01
5.040000e+01;1.497962e+01
5.046667e+01;1.499385e+01
5.053333e+01;1.500807e+01
5.060000e+01;1.502228e+01
5.066667e+01;1.503650e+01
5.073333e+01;1.505070e+01
5.080000e+01;1.506491e+01
5.086667e+01;1.507911e+01
5.093333e+01;1.509330e+01
5.100000e+01;1.510750e+01
5.106667e+01;1.512168e+01
5.113333e+01;1.513587e+01
5.120000e+01;1.515005e+01
5.126667e+01;1.516422e+01
5.133333e+01;1.517840e+01
5.140000e+01;1.519256e+01
5.146667e+01;1.520673e+01
5.153333e+01;1.522089e+01
5.160000e+01;1.523505e+01
5.166667e+01;1.524920e+01
5.173333e+01;1.526335e+01
5.180000e+01;1.527749e+01
5.186667e+01;1.529163e+01
5.193333e+01;1.530577e+01
5.200000e+01;1.531990e+01
5.206667e+01;1.533403e+01
5.213333e+01;1.534816e+01
5.220000e+01;1.536228e+01
5.226667e+01;1.537640e+01
5.233333e+01;1.539051e+01
5.240000e+01;1.540462e+01
5.246667e+01;1.541873e+01
5.253333e+01;1.543283e+01
5.260000e+01;1.544693e+01
5.266667e+01;1.546102e+01
5.273333e+01;1.547511e+01
5.280000e+01;1.548920e+01
5.286667e+01;1.550328e+01
5.293333e+01;1.551736e+01
5.300000e+01;1.553144e+01
5.306667e+01;1.554551e+01
5.313333e+01;1.555958e+01
5.320000e+01;1.557364e+01
5.326667e+01;1.558770e+01
5.333333e+01;1.560176e+01
5.340000e+01;1.561581e+01
5.346667e+01;1.562986e+01
5.353333e+01;1.564391e+01
5.360000e+01;1.565795e+01
5.366667e+01;1.567199e+01
5.373333e+01;1.568602e+01
5.380000e+01;1.570006e+01
5.386667e+01;1.571408e+01
5.393333e+01;1.572811e+01
5.400000e+01;1.574213e+01
5.406667e+01;1.575614e+01
5.413333e+01;1.577016e+01
5.420000e+01;1.578416e+01
5.426667e+01;1.579817e+01
5.433333e+01;1.581217e+01
5.440000e+01;1.582617e+01
5.446667e+01;1.584017e+01
5.453333e+01;1.585416e+01
5.460000e+01;1.586814e+01
5.466667e+01;1.588213e+01
5.473333e+01;1.589611e+01
5.480000e+01;1.591008e+01
5.486667e+01;1.592406e+01
5.493333e+01;1.593803e+01
5.500000e+01;1.595199e+01
5.506667e+01;1.596596e+01
5.513333e+01;1.597991e+01
5.520000e+01;1.599387e+01
5.526667e+01;1.600782e+01
5.533333e+01;1.602177e+01
5.540000e+01;1.603572e+01
5.546667e+01;1.604966e+01
5.553333e+01;1.606359e+01
5.560000e+01;1.607753e+01
5.566667e+01;1.609146e+01
5.573333e+01;1.610539e+01
5.580000e+01;1.611931e+01
5.586667e+01;1.613323e+01
5.593333e+01;1.614715e+01
5.600000e+01;1.616106e+01
5.606667e+01;1.617497e+01
5.613333e+01;1.618888e+01
5.620000e+01;1.620278e+01
5.626667e+01;1.621668e+01
5.633333e+01;1.623058e+01
5.640000e+01;1.624447e+01
5.646667e+01;1.625836e+01
5.653333e+01;1.627225e+01
5.660000e+01;1.628613e+01
5.666667e+01;1.630001e+01
5.673333e+01;1.631388e+01
5.680000e+01;1.632776e+01
5.686667e+01;1.634163e+01
5.693333e+01;1.635549e+01
5.700000e+01;1.636935e+01
5.706667e+01;1.638321e+01
5.713333e+01;1.639707e+01
5.720000e+01;1.641092e+01
5.726667e+01;1.642477e+01
5.733333e+01;1.643862e+01
5.740000e+01;1.645246e+01
5.746667e+01;1.646630e+01
5.753333e+01;1.648013e+01
5.760000e+01;1.649397e+01
5.766667e+01;1.650780e+01
5.773333e+01;1.652162e+01
5.780000e+01;1.653544e+01
5.786667e+01;1.654926e+01
5.793333e+01;1.656308e+01
5.800000e+01;1.657689e+01
5.806667e+01;1.659070e+01
5.813333e+01;1.660451e+01
5.820000e+01;1.661831e+01
5.826667e+01;1.663211e+01
5.833333e+01;1.664591e+01
5.840000e+01;1.665970e+01
5.846667e+01;1.667349e+01
5.853333e+01;1.668728e+01
5.860000e+01;1.670106e+01
5.866667e+01;1.671484e+01
5.873333e+01;1.672862e+01
5.880000e+01;1.674239e+01
5.886667e+01;1.675616e+01
5.893333e+01;1.676993e+01
5.900000e+01;1.678370e+01
5.906667e+01;1.679746e+01
5.913333e+01;1.681121e+01
5.920000e+01;1.682497e+01
5.926667e+01;1.683872e+01
5.933333e+01;1.685247e+01
5.940000e+01;1.686622e+01
5.946667e+01;1.687996e+01
5.953333e+01;1.689370e+01
5.960000e+01;1.690743e+01
5.966667e+01;1.692117e+01
5.973333e+01;1.693490e+01
5.980000e+01;1.694862e+01
5.986667e+01;1.696235e+01
5.993333e+01;1.697607e+01
6.000000e+01;1.698978e+01
6.006667e+01;1.700350e+01
6.013333e+01;1.701721e+01
6.020000e+01;1.703092e+01
6.026667e+01;1.704462e+01
6.033333e+01;1.705832e+01
6.040000e+01;1.707202e+01
6.046667e+01;1.708572e+01
6.053333e+01;1.709941e+01
6.060000e+01;1.711310e+01
6.066667e+01;1.712678e+01
6.073333e+01;1.714047e+01
6.080000e+01;1.715415e+01
6.086667e+01;1.716783e+01
6.093333e+01;1.718150e+01
6.100000e+01;1.719517e+01
6.106667e+01;1.720884e+01
6.113333e+01;1.722250e+01
6.120000e+01;1.723617e+01
6.126667e+01;1.724983e+01
6.133333e+01;1.726348e+01
6.140000e+01;1.727713e+01
6.146667e+01;1.729078e+01
6.153333e+01;1.730443e+01
6.160000e+01;1.731808e+01
6.166667e+01;1.733172e+01
6.173333e+01;1.734535e+01
6.180000e+01;1.735899e+01
6.186667e+01;1.737262e+01
6.193333e+01;1.738625e+01
6.200000e+01;1.739988e+01
6.206667e+01;1.741350e+01
6.213333e+01;1.742712e+01
6.220000e+01;1.744074e+01
6.226667e+01;1.745435e+01
6.233333e+01;1.746796e+01
6.240000e+01;1.748157e+01
6.246667e+01;1.749518e+01
6.253333e+01;1.750878e+01
6.260000e+01;1.752238e+01
6.266667e+01;1.753598e+01
6.273333e+01;1.754957e+01
6.280000e+01;1.756316e+01
6.286667e+01;1.757675e+01
6.293333e+01;1.759034e+01
6.300000e+01;1.760392e+01
6.306667e+01;1.761750e+01
6.313333e+01;1.763107e+01
6.320000e+01;1.764465e+01
6.326667e+01;1.765822e+01
6.333333e+01;1.767179e+01
6.340000e+01;1.768535e+01
6.346667e+01;1.769891e+01
6.353333e+01;1.771247e+01
6.360000e+01;1.772603e+01
6.366667e+01;1.773958e+01
6.373333e+01;1.775314e+01
6.380000e+01;1.776668e+01
6.386667e+01;1.778023e+01
6.393333e+01;1.779377e+01
6.400000e+01;1.780731e+01
6.406667e+01;1.782085e+01
6.413333e+01;1.783438e+01
6.420000e+01;1.784791e+01
6.426667e+01;1.786144e+01
6.433333e+01;1.787497e+01
6.440000e+01;1.788849e+01
6.446667e+01;1.790201e+01
6.453333e+01;1.791553e+01
6.460000e+01;1.792904e+01
6.466667e+01;1.794255e+01
6.473333e+01;1.795606e+01
6.480000e+01;1.796957e+01
6.486667e+01;1.798307e+01
6.493333e+01;1.799657e+01
6.500000e+01;1.801007e+01
6.506667e+01;1.802356e+01
6.513333e+01;1.803706e+01
6.520000e+01;1.805055e+01
6.526667e+01;1.806403e+01
6.533333e+01;1.807752e+01
6.540000e+01;1.809100e+01
6.546667e+01;1.810448e+01
6.553333e+01;1.811795e+01
6.560000e+01;1.813143e+01
6.566667e+01;1.814490e+01
6.573333e+01;1.815836e+01
6.580000e+01;1.817183e+01
6.586667e+01;1.818529e+01
6.593333e+01;1.819875e+01
6.600000e+01;1.821221e+01
6.606667e+01;1.822566e+01
6.613333e+01;1.823912e+01
6.620000e+01;1.825256e+01
6.626667e+01;1.826601e+01
6.633333e+01;1.827945e+01
6.640000e+01;1.829290e+01
6.646667e+01;1.830633e+01
6.653333e+01;1.831977e+01
6.660000e+01;1.833320e+01
6.666667e+01;1.834663e+01
6.673333e+01;1.836006e+01
6.680000e+01;1.837349e+01
6.686667e+01;1.838691e+01
6.693333e+01;1.840033e+01
6.700000e+01;1.841375e+01
6.706667e+01;1.842716e+01
6.713333e+01;1.844057e+01
6.720000e+01;1.845398e+01
6.726667e+01;1.846739e+01
6.733333e+01;1.848079e+01
6.740000e+01;1.849420e+01
6.746667e+01;1.850759e+01
6.753333e+01;1.852099e+01
6.760000e+01;1.853438e+01
6.766667e+01;1.854778e+01
6.773333e+01;1.856116e+01
6.780000e+01;1.857455e+01
6.786667e+01;1.858793e+01
6.793333e+01;1.860132e+01
6.800000e+01;1.861469e+01
6.806667e+01;1.862807e+01
6.813333e+01;1.864144e+01
6.820000e+01;1.865481e+01
6.826667e+01;1.866818e+01
6.833333e+01;1.868155e+01
6.840000e+01;1.869491e+01
6.846667e+01;1.870827e+01
6.853333e+01;1.872163e+01
6.860000e+01;1.873499e+01
6.866667e+01;1.874834e+01
6.873333e+01;1.876169e+01
6.880000e+01;1.877504e+01
6.886667e+01;1.878838e+01
6.893333e+01;1.880173e+01
6.900000e+01;1.881507e+01
6.906667e+01;1.882840e+01
6.913333e+01;1.884174e+01
6.920000e+01;1.885507e+01
6.926667e+01;1.886840e+01
6.933333e+01;1.888173e+01
6.940000e+01;1.889506e+01
6.946667e+01;1.890838e+01
6.953333e+01;1.892170e+01
6.960000e+01;1.893502e+01
6.966667e+01;1.894833e+01
6.973333e+01;1.896165e+01
6.980000e+01;1.897496e+01
6.986667e+01;1.898827e+01
6.993333e+01;1.900157e+01
7.000000e+01;1.901488e+01
7.006667e+01;1.902818e+01
7.013333e+01;1.904147e+01
7.020000e+01;1.905477e+01
7.026667e+01;1.906806e+01
7.033333e+01;1.908135e+01
7.040000e+01;1.909464e+01
7.046667e+01;1.910793e+01
7.053333e+01;1.912121e+01
7.060000e+01;1.913449e+01
7.066667e+01;1.914777e+01
7.073333e+01;1.916105e+01
7.080000e+01;1.917432e+01
7.086667e+01;1.918760e+01
7.093333e+01;1.920087e+01
7.100000e+01;1.921413e+01
7.106667e+01;1.922740e+01
7.113333e+01;1.924066e+01
7.120000e+01;1.925392e+01
7.126667e+01;1.926718e+01
7.133333e+01;1.928043e+01
7.140000e+01;1.929368e+01
7.146667e+01;1.930693e+01
7.153333e+01;1.932018e+01
7.160000e+01;1.933343e+01
7.166667e+01;1.934667e+01
7.173333e+01;1.935991e+01
7.180000e+01;1.937315e+01
7.186667e+01;1.938638e+01
7.193333e+01;1.939962e+01
7.200000e+01;1.941285e+01
7.206667e+01;1.942608e+01
7.213333e+01;1.943930e+01
7.220000e+01;1.945253e+01
7.226667e+01;1.946575e+01
7.233333e+01;1.947897e+01
7.240000e+01;1.949219e+01
7.246667e+01;1.950540e+01
7.253333e+01;1.951861e+01
7.260000e+01;1.953182e+01
7.266667e+01;1.954503e+01
7.273333e+01;1.955824e+01
7.280000e+01;1.957144e+01
7.286667e+01;1.958464e+01
7.293333e+01;1.959784e+01
7.300000e+01;1.961104e+01
7.306667e+01;1.962423e+01
7.313333e+01;1.963742e+01
7.320000e+01;1.965061e+01
7.326667e+01;1.966380e+01
7.333333e+01;1.967698e+01
7.340000e+01;1.969017e+01
7.346667e+01;1.970335e+01
7.353333e+01;1.971652e+01
7.360000e+01;1.972970e+01
7.366667e+01;1.974287e+01
7.373333e+01;1.975604e+01
7.380000e+01;1.976921e+01
7.386667e+01;1.978238e+01
7.393333e+01;1.979554e+01
7.400000e+01;1.980871e+01
7.406667e+01;1.982186e+01
7.413333e+01;1.983502e+01
7.420000e+01;1.984818e+01
7.426667e+01;1.986133e+01
7.433333e+01;1.987448e+01
7.440000e+01;1.988763e+01
7.446667e+01;1.990078e+01
7.453333e+01;1.991392e+01
7.460000e+01;1.992706e+01
7.466667e+01;1.994020e+01
7.473333e+01;1.995334e+01
7.480000e+01;1.996647e+01
7.486667e+01;1.997961e+01
7.493333e+01;1.999274e+01
7.500000e+01;2.000587e+01
7.506667e+01;2.001899e+01
7.513333e+01;2.003212e+01
7.520000e+01;2.004524e+01
7.526667e+01;2.005836e+01
7.533333e+01;2.007148e+01
7.540000e+01;2.008459e+01
7.546667e+01;2.009770e+01
7.553333e+01;2.011082e+01
7.560000e+01;2.012392e+01
7.566667e+01;2.013703e+01
7.573333e+01;2.015013e+01
7.580000e+01;2.016324e+01
7.586667e+01;2.017634e+01
7.593333e+01;2.018943e+01
7.600000e+01;2.020253e+01
7.606667e+01;2.021562e+01
7.613333e+01;2.022872e+01
7.620000e+01;2.024180e+01
7.626667e+01;2.025489e+01
7.633333e+01;2.026798e+01
7.640000e+01;2.028106e+01
7.646667e+01;2.029414e+01
7.653333e+01;2.030722e+01
7.660000e+01;2.032029e+01
7.666667e+01;2.033337e+01
7.673333e+01;2.034644e+01
7.680000e+01;2.035951e+01
7.686667e+01;2.037258e+01
7.693333e+01;2.038564e+01
7.700000e+01;2.039871e+01
7.706667e+01;2.041177e+01
7.713333e+01;2.042483e+01
7.720000e+01;2.043788e+01
7.726667e+01;2.045094e+01
7.733333e+01;2.046399e+01
7.740000e+01;2.047704e+01
7.746667e+01;2.049009e+01
7.753333e+01;2.050314e+01
7.760000e+01;2.051618e+01
7.766667e+01;2.052923e+01
7.773333e+01;2.054227e+01
7.780000e+01;2.055530e+01
7.786667e+01;2.056834e+01
7.793333e+01;2.058137e+01
7.800000e+01;2.059441e+01
7.806667e+01;2.060744e+01
7.813333e+01;2.062046e+01
7.820000e+01;2.063349e+01
7.826667e+01;2.064651e+01
7.833333e+01;2.065953e+01
7.840000e+01;2.067255e+01
7.846667e+01;2.068557e+01
7.853333e+01;2.069859e+01
7.860000e+01;2.071160e+01
7.866667e+01;2.072461e+01
7.873333e+01;2.073762e+01
7.880000e+01;2.075063e+01
7.886667e+01;2.076363e+01
7.893333e+01;2.077664e+01
7.900000e+01;2.078964e+01
7.906667e+01;2.080264e+01
7.913333e+01;2.081563e+01
7.920000e+01;2.082863e+01
7.926667e+01;2.084162e+01
7.933333e+01;2.085461e+01
7.940000e+01;2.086760e+01
7.946667e+01;2.088059e+01
7.953333e+01;2.089357e+01
7.960000e+01;2.090656e+01
7.966667e+01;2.091954e+01
7.973333e+01;2.093252e+01
7.980000e+01;2.094549e+01
7.986667e+01;2.095847e+01
7.993333e+01;2.097144e+01
8.000000e+01;2.098441e+01
8.006667e+01;2.099738e+01
8.013333e+01;2.101035e+01
8.020000e+01;2.102331e+01
8.026667e+01;2.103627e+01
8.033333e+01;2.104923e+01
8.040000e+01;2.106219e+01
8.046667e+01;2.107515e+01
8.053333e+01;2.108811e+01
8.060000e+01;2.110106e+01
8.066667e+01;2.111401e+01
8.073333e+01;2.112696e+01
8.080000e+01;2.113991e+01
8.086667e+01;2.115285e+01
8.093333e+01;2.116579e+01
8.100000e+01;2.117873e+01
8.106667e+01;2.119167e+01
8.113333e+01;2.120461e+01
8.120000e+01;2.121755e+01
8.126667e+01;2.123048e+01
8.133333e+01;2.124341e+01
8.140000e+01;2.125634e+01
8.146667e+01;2.126927e+01
8.153333e+01;2.128219e+01
8.160000e+01;2.129512e+01
8.166667e+01;2.130804e+01
8.173333e+01;2.132096e+01
8.180000e+01;2.133388e+01
8.186667e+01;2.134679e+01
8.193333e+01;2.135971e+01
8.200000e+01;2.137262e+01
8.206667e+01;2.138553e+01
8.213333e+01;2.139844e+01
8.220000e+01;2.141134e+01
8.226667e+01;2.142425e+01
8.233333e+01;2.143715e+01
8.240000e+01;2.145005e+01
8.246667e+01;2.146295e+01
8.253333e+01;2.147584e+01
8.260000e+01;2.148874e+01
8.266667e+01;2.150163e+01
8.273333e+01;2.151452e+01
8.280000e+01;2.152741e+01
8.286667e+01;2.154030e+01
8.293333e+01;2.155318e+01
8.300000e+01;2.156607e+01
8.306667e+01;2.157895e+01
8.313333e+01;2.159183e+01
8.320000e+01;2.160471e+01
8.326667e+01;2.161758e+01
8.333333e+01;2.163045e+01
8.340000e+01;2.164333e+01
8.346667e+01;2.165620e+01
8.353333e+01;2.166907e+01
8.360000e+01;2.168193e+01
8.366667e+01;2.169480e+01
8.373333e+01;2.170766e+01
8.380000e+01;2.172052e+01
8.386667e+01;2.173338e+01
8.393333e+01;2.174624e+01
8.400000e+01;2.175909e+01
8.406667e+01;2.177194e+01
8.413333e+01;2.178480e+01
8.420000e+01;2.179764e+01
8.426667e+01;2.181049e+01
8.433333e+01;2.182334e+01
8.440000e+01;2.183618e+01
8.446667e+01;2.184902e+01
8.453333e+01;2.186186e+01
8.460000e+01;2.187470e+01
8.466667e+01;2.188754e+01
8.473333e+01;2.190037e+01
8.480000e+01;2.191321e+01
8.486667e+01;2.192604e+01
8.493333e+01;2.193887e+01
8.500000e+01;2.195170e+01
8.506667e+01;2.196452e+01
8.513333e+01;2.197735e+01
8.520000e+01;2.199017e+01
8.526667e+01;2.200299e+01
8.533333e+01;2.201581e+01
8.540000e+01;2.202862e+01
8.546667e+01;2.204144e+01
8.553333e+01;2.205425e+01
8.560000e+01;2.206706e+01
8.566667e+01;2.207987e+01
8.573333e+01;2.209268e+01
8.580000e+01;2.210548e+01
8.586667e+01;2.211829e+01
8.593333e+01;2.213109e+01
8.600000e+01;2.214389e+01
8.606667e+01;2.215669e+01
8.613333e+01;2.216949e+01
8.620000e+01;2.218228e+01
8.626667e+01;2.219507e+01
8.633333e+01;2.220787e+01
8.640000e+01;2.222066e+01
8.646667e+01;2.223344e+01
8.653333e+01;2.224623e+01
8.660000e+01;2.225901e+01
8.666667e+01;2.227180e+01
8.673333e+01;2.228458e+01
8.680000e+01;2.229736e+01
8.686667e+01;2.231013e+01
8.693333e+01;2.232291e+01
8.700000e+01;2.233568e+01
8.706667e+01;2.234845e+01
8.713333e+01;2.236122e+01
8.720000e+01;2.237399e+01
8.726667e+01;2.238676e+01
8.733333e+01;2.239952e+01
8.740000e+01;2.241229e+01
8.746667e+01;2.242505e+01
8.753333e+01;2.243781e+01
8.760000e+01;2.245057e+01
8.766667e+01;2.246332e+01
8.773333e+01;2.247608e+01
8.780000e+01;2.248883e+01
8.786667e+01;2.250158e+01
8.793333e+01;2.251433e+01
8.800000e+01;2.252708e+01
8.806667e+01;2.253982e+01
8.813333e+01;2.255257e+01
8.820000e+01;2.256531e+01
8.826667e+01;2.257805e+01
8.833333e+01;2.259079e+01
8.840000e+01;2.260352e+01
8.846667e+01;2.261626e+01
8.853333e+01;2.262899e+01
8.860000e+01;2.264172e+01
8.866667e+01;2.265445e+01
8.873333e+01;2.266718e+01
8.880000e+01;2.267991e+01
8.886667e+01;2.269263e+01
8.893333e+01;2.270536e+01
8.900000e+01;2.271808e+01
8.906667e+01;2.273080e+01
8.913333e+01;2.274352e+01
8.920000e+01;2.275623e+01
8.926667e+01;2.276895e+01
8.933333e+01;2.278166e+01
8.940000e+01;2.279437e+01
8.946667e+01;2.280708e+01
8.953333e+01;2.281979e+01
8.960000e+01;2.283250e+01
8.966667e+01;2.284520e+01
8.973333e+01;2.285791e+01
8.980000e+01;2.287061e+01
8.986667e+01;2.288331e+01
8.993333e+01;2.289600e+01
9.000000e+01;2.290870e+01
9.006667e+01;2.292140e+01
9.013333e+01;2.293409e+01
9.020000e+01;2.294678e+01
9.026667e+01;2.295947e+01
9.033333e+01;2.297216e+01
9.040000e+01;2.298484e+01
9.046667e+01;2.299753e+01
9.053333e+01;2.301021e+01
9.060000e+01;2.302289e+01
9.066667e+01;2.303557e+01
9.073333e+01;2.304825e+01
9.080000e+01;2.306093e+01
9.086667e+01;2.307360e+01
9.093333e+01;2.308627e+01
9.100000e+01;2.309894e+01
9.106667e+01;2.311161e+01
9.113333e+01;2.312428e+01
9.120000e+01;2.313695e+01
9.126667e+01;2.314961e+01
9.133333e+01;2.316228e+01
9.140000e+01;2.317494e+01
9.146667e+01;2.318760e+01
9.153333e+01;2.320026e+01
9.160000e+01;2.321291e+01
9.166667e+01;2.322557e+01
9.173333e+01;2.323822e+01
9.180000e+01;2.325087e+01
9.186667e+01;2.326352e+01
9.193333e+01;2.327617e+01
9.200000e+01;2.328882e+01
9.206667e+01;2.330146e+01
9.213333e+01;2.331411e+01
9.220000e+01;2.332675e+01
9.226667e+01;2.333939e+01
9.233333e+01;2.335203e+01
9.240000e+01;2.336466e+01
9.246667e+01;2.337730e+01
9.253333e+01;2.338993e+01
9.260000e+01;2.340257e+01
9.266667e+01;2.341520e+01
9.273333e+01;2.342783e+01
9.280000e+01;2.344045e+01
9.286667e+01;2.345308e+01
9.293333e+01;2.346570e+01
9.300000e+01;2.347833e+01
9.306667e+01;2.349095e+01
9.313333e+01;2.350357e+01
9.320000e+01;2.351619e+01
9.326667e+01;2.352880e+01
9.333333e+01;2.354142e+01
9.340000e+01;2.355403e+01
9.346667e+01;2.356664e+01
9.353333e+01;2.357925e+01
9.360000e+01;2.359186e+01
9.366667e+01;2.360447e+01
9.373333e+01;2.361707e+01
9.380000e+01;2.362968e+01
9.386667e+01;2.364228e+01
9.393333e+01;2.365488e+01
9.400000e+01;2.366748e+01
9.406667e+01;2.368008e+01
9.413333e+01;2.369267e+01
9.420000e+01;2.370527e+01
9.426667e+01;2.371786e+01
9.433333e+01;2.373045e+01
9.440000e+01;2.374304e+01
9.446667e+01;2.375563e+01
9.453333e+01;2.376821e+01
9.460000e+01;2.378080e+01
9.466667e+01;2.379338e+01
9.473333e+01;2.380596e+01
9.480000e+01;2.381854e+01
9.486667e+01;2.383112e+01
9.493333e+01;2.384370e+01
9.500000e+01;2.385628e+01
9.506667e+01;2.386885e+01
9.513333e+01;2.388142e+01
9.520000e+01;2.389399e+01
9.526667e+01;2.390656e+01
9.533333e+01;2.391913e+01
9.540000e+01;2.393170e+01
9.546667e+01;2.394426e+01
9.553333e+01;2.395683e+01
9.560000e+01;2.396939e+01
9.566667e+01;2.398195e+01
9.573333e+01;2.399451e+01
9.580000e+01;2.400707e+01
9.586667e+01;2.401962e+01
9.593333e+01;2.403218e+01
9.600000e+01;2.404473e+01
9.606667e+01;2.405728e+01
9.613333e+01;2.406983e+01
9.620000e+01;2.408238e+01
9.626667e+01;2.409493e+01
9.633333e+01;2.410747e+01
9.640000e+01;2.412001e+01
9.646667e+01;2.413256e+01
9.653333e+01;2.414510e+01
9.660000e+01;2.415764e+01
9.666667e+01;2.417017e+01
9.673333e+01;2.418271e+01
9.680000e+01;2.419525e+01
9.686667e+01;2.420778e+01
9.693333e+01;2.422031e+01
9.700000e+01;2.423284e+01
9.706667e+01;2.424537e+01
9.713333e+01;2.425790e+01
9.720000e+01;2.427042e+01
9.726667e+01;2.428295e+01
9.733333e+01;2.429547e+01
9.740000e+01;2.430799e+01
9.746667e+01;2.432051e+01
9.753333e+01;2.433303e+01
9.760000e+01;2.434555e+01
9.766667e+01;2.435806e+01
9.773333e+01;2.437058e+01
9.780000e+01;2.438309e+01
9.786667e+01;2.439560e+01
9.793333e+01;2.440811e+01
9.800000e+01;2.442062e+01
9.806667e+01;2.443312e+01
9.813333e+01;2.444563e+01
9.820000e+01;2.445813e+01
9.826667e+01;2.447064e+01
9.833333e+01;2.448314e+01
9.840000e+01;2.449564e+01
9.846667e+01;2.450813e+01
9.853333e+01;2.452063e+01
9.860000e+01;2.453312e+01
9.866667e+01;2.454562e+01
9.873333e+01;2.455811e+01
9.880000e+01;2.457060e+01
9.886667e+01;2.458309e+01
9.893333e+01;2.459558e+01
9.900000e+01;2.460806e+01
9.906667e+01;2.462055e+01
9.913333e+01;2.463303e+01
9.920000e+01;2.464551e+01
9.926667e+01;2.465799e+01
9.933333e+01;2.467047e+01
9.940000e+01;2.468295e+01
9.946667e+01;2.469543e+01
9.953333e+01;2.470790e+01
9.960000e+01;2.472037e+01
9.966667e+01;2.473285e+01
9.973333e+01;2.474532e+01
9.980000e+01;2.475779e+01
9.986667e+01;2.477025e+01
9.993333e+01;2.478272e+01
1.000000e+02;2.479518e+01
1.009253e+02;2.496804e+01
1.018591e+02;2.514222e+01
1.028016e+02;2.531773e+01
1.037528e+02;2.549459e+01
1.047129e+02;2.567281e+01
1.056818e+02;2.585240e+01
1.066596e+02;2.603337e+01
1.076465e+02;2.621573e+01
1.086426e+02;2.639950e+01
1.096478e+02;2.658468e+01
1.106624e+02;2.677128e+01
1.116863e+02;2.695933e+01
1.127197e+02;2.714883e+01
1.137627e+02;2.733979e+01
1.148154e+02;2.753223e+01
1.158777e+02;2.772616e+01
1.169499e+02;2.792158e+01
1.180321e+02;2.811853e+01
1.191242e+02;2.831700e+01
1.202264e+02;2.851700e+01
1.213389e+02;2.871856e+01
1.224616e+02;2.892169e+01
1.235947e+02;2.912639e+01
1.247384e+02;2.933268e+01
1.258925e+02;2.954057e+01
1.270574e+02;2.975009e+01
1.282331e+02;2.996123e+01
1.294196e+02;3.017402e+01
1.306171e+02;3.038847e+01
1.318257e+02;3.060459e+01
1.330454e+02;3.082240e+01
1.342765e+02;3.104191e+01
1.355189e+02;3.126313e+01
1.367729e+02;3.148609e+01
1.380384e+02;3.171078e+01
1.393157e+02;3.193724e+01
1.406048e+02;3.216547e+01
1.419058e+02;3.239550e+01
1.432188e+02;3.262732e+01
1.445440e+02;3.286097e+01
1.458814e+02;3.309645e+01
1.472313e+02;3.333379e+01
1.485936e+02;3.357298e+01
1.499685e+02;3.381406e+01
1.513561e+02;3.405704e+01
1.527566e+02;3.430193e+01
1.541700e+02;3.454875e+01
1.555966e+02;3.479752e+01
1.570363e+02;3.504824e+01
1.584893e+02;3.530095e+01
1.599558e+02;3.555565e+01
1.614359e+02;3.581237e+01
1.629296e+02;3.607111e+01
1.644372e+02;3.633191e+01
1.659587e+02;3.659476e+01
1.674943e+02;3.685970e+01
1.690441e+02;3.712674e+01
1.706082e+02;3.739590e+01
1.721869e+02;3.766719e+01
1.737801e+02;3.794063e+01
1.753881e+02;3.821625e+01
1.770109e+02;3.849406e+01
1.786488e+02;3.877408e+01
1.803018e+02;3.905633e+01
1.819701e+02;3.934083e+01
1.836538e+02;3.962759e+01
1.853532e+02;3.991664e+01
1.870682e+02;4.020799e+01
1.887991e+02;4.050166e+01
1.905461e+02;4.079768e+01
1.923092e+02;4.109607e+01
1.940886e+02;4.139683e+01
1.958845e+02;4.170001e+01
1.976970e+02;4.200560e+01
1.995262e+02;4.231365e+01
2.013724e+02;4.262416e+01
2.032357e+02;4.293715e+01
2.051162e+02;4.325266e+01
2.070141e+02;4.357070e+01
2.089296e+02;4.389129e+01
2.108628e+02;4.421445e+01
2.128139e+02;4.454021e+01
2.147830e+02;4.486859e+01
2.167704e+02;4.519962e+01
2.187762e+02;4.553330e+01
2.208005e+02;4.586967e+01
2.228435e+02;4.620876e+01
2.249055e+02;4.655057e+01
2.269865e+02;4.689515e+01
2.290868e+02;4.724250e+01
2.312065e+02;4.759265e+01
2.333458e+02;4.794564e+01
2.355049e+02;4.830147e+01
2.376840e+02;4.866018e+01
2.398833e+02;4.902180e+01
2.421029e+02;4.938633e+01
2.443431e+02;4.975382e+01
2.466039e+02;5.012429e+01
2.488857e+02;5.049776e+01
2.511886e+02;5.087425e+01
2.535129e+02;5.125380e+01
2.558586e+02;5.163643e+01
2.582260e+02;5.202217e+01
2.606154e+02;5.241104e+01
2.630268e+02;5.280307e+01
2.654606e+02;5.319829e+01
2.679168e+02;5.359672e+01
2.703958e+02;5.399840e+01
2.728978e+02;5.440335e+01
2.754229e+02;5.481160e+01
2.779713e+02;5.522318e+01
2.805434e+02;5.563812e+01
2.831392e+02;5.605644e+01
2.857591e+02;5.647818e+01
2.884032e+02;5.690337e+01
2.910717e+02;5.733202e+01
2.937650e+02;5.776419e+01
2.964831e+02;5.819988e+01
2.992265e+02;5.863914e+01
3.019952e+02;5.908200e+01
3.047895e+02;5.952849e+01
3.076097e+02;5.997863e+01
3.104560e+02;6.043246e+01
3.133286e+02;6.089002e+01
3.162278e+02;6.135133e+01
3.191538e+02;6.181642e+01
3.221069e+02;6.228534e+01
3.250873e+02;6.275811e+01
3.280953e+02;6.323476e+01
3.311311e+02;6.371534e+01
3.341950e+02;6.419987e+01
3.372873e+02;6.468838e+01
3.404082e+02;6.518093e+01
3.435579e+02;6.567753e+01
3.467369e+02;6.617822e+01
3.499452e+02;6.668304e+01
3.531832e+02;6.719203e+01
3.564511e+02;6.770522e+01
3.597493e+02;6.822265e+01
3.630781e+02;6.874436e+01
3.664376e+02;6.927038e+01
3.698282e+02;6.980074e+01
3.732502e+02;7.033550e+01
3.767038e+02;7.087468e+01
3.801894e+02;7.141832e+01
3.837072e+02;7.196647e+01
3.872576e+02;7.251916e+01
3.908409e+02;7.307643e+01
3.944573e+02;7.363832e+01
3.981072e+02;7.420487e+01
4.017908e+02;7.477613e+01
4.055085e+02;7.535212e+01
4.092607e+02;7.593291e+01
4.130475e+02;7.651852e+01
4.168694e+02;7.710900e+01
4.207266e+02;7.770439e+01
4.246196e+02;7.830473e+01
4.285485e+02;7.891008e+01
4.325138e+02;7.952046e+01
4.365158e+02;8.013593e+01
4.405549e+02;8.075653e+01
4.446313e+02;8.138230e+01
4.487454e+02;8.201330e+01
4.528976e+02;8.264956e+01
4.570882e+02;8.329113e+01
4.613176e+02;8.393807e+01
4.655861e+02;8.459041e+01
4.698941e+02;8.524820e+01
4.742420e+02;8.591149e+01
4.786301e+02;8.658034e+01
4.830588e+02;8.725478e+01
4.875285e+02;8.793487e+01
4.920395e+02;8.862065e+01
4.965923e+02;8.931218e+01
5.011872e+02;9.000951e+01
5.058247e+02;9.071268e+01
5.105050e+02;9.142176e+01
5.152286e+02;9.213678e+01
5.199960e+02;9.285781e+01
5.248075e+02;9.358489e+01
5.296634e+02;9.431808e+01
5.345644e+02;9.505743e+01
5.395106e+02;9.580300e+01
5.445027e+02;9.655484e+01
5.495409e+02;9.731300e+01
5.546257e+02;9.807755e+01
5.597576e+02;9.884853e+01
5.649370e+02;9.962601e+01
5.701643e+02;1.004100e+02
5.754399e+02;1.012007e+02
5.807644e+02;1.019980e+02
5.861382e+02;1.028020e+02
5.915616e+02;1.036128e+02
5.970353e+02;1.044305e+02
6.025596e+02;1.052551e+02
6.081350e+02;1.060866e+02
6.137620e+02;1.069252e+02
6.194411e+02;1.077708e+02
6.251727e+02;1.086236e+02
6.309573e+02;1.094837e+02
6.367955e+02;1.103510e+02
6.426877e+02;1.112256e+02
6.486344e+02;1.121077e+02
6.546362e+02;1.129972e+02
6.606934e+02;1.138943e+02
6.668068e+02;1.147990e+02
6.729767e+02;1.157113e+02
6.792036e+02;1.166314e+02
6.854882e+02;1.175593e+02
6.918310e+02;1.184951e+02
6.982324e+02;1.194388e+02
7.046931e+02;1.203906e+02
7.112135e+02;1.213504e+02
7.177943e+02;1.223184e+02
7.244360e+02;1.232947e+02
7.311391e+02;1.242792e+02
7.379042e+02;1.252721e+02
7.447320e+02;1.262735e+02
7.516229e+02;1.272834e+02
7.585776e+02;1.283019e+02
7.655966e+02;1.293291e+02
7.726806e+02;1.303651e+02
7.798301e+02;1.314098e+02
7.870458e+02;1.324635e+02
7.943282e+02;1.335262e+02
8.016781e+02;1.345980e+02
8.090959e+02;1.356789e+02
8.165824e+02;1.367690e+02
8.241381e+02;1.378685e+02
8.317638e+02;1.389773e+02
8.394600e+02;1.400957e+02
8.472274e+02;1.412236e+02
8.550667e+02;1.423611e+02
8.629785e+02;1.435084e+02
8.709636e+02;1.446655e+02
8.790225e+02;1.458326e+02
8.871560e+02;1.470096e+02
8.953648e+02;1.481967e+02
9.036495e+02;1.493940e+02
9.120108e+02;1.506016e+02
9.204496e+02;1.518195e+02
9.289664e+02;1.530478e+02
9.375620e+02;1.542868e+02
9.462372e+02;1.555363e+02
9.549926e+02;1.567966e+02
9.638290e+02;1.580677e+02
9.727472e+02;1.593497e+02
9.817479e+02;1.606428e+02
9.908319e+02;1.619470e+02
1.000000e+03;1.632624e+02
