# Scenario: Imposed pore pressure; Background stress tau_b/tau_p = 0.400; Injection overpressure Delta_p_inj = 0.750; Production overpressure Delta_p_prod = -0.70; Production duration sqrt(alpha*dt_prod)/a_w = 0.00; Residual friction f_r/f_p = 0.60
# Background stress tau_b/tau_p; Crack length a/a_w; Time sqrt(alpha*t)/a_w; Time SSY sqrt(alpha*t)/a_w; Slip at the center delta(0)/delta_w; Table shape (561,)
4.000000e-01;7.142857e-03;2.518337e-02;nan;1.064491e-03
4.000000e-01;1.428571e-02;5.032098e-02;nan;2.133725e-03
4.000000e-01;2.142857e-02;7.541260e-02;nan;3.207738e-03
4.000000e-01;2.857143e-02;1.004580e-01;nan;4.286564e-03
4.000000e-01;3.571429e-02;1.254569e-01;nan;5.370239e-03
4.000000e-01;4.285714e-02;1.504090e-01;nan;6.458801e-03
4.000000e-01;5.000000e-02;1.753141e-01;nan;7.552284e-03
4.000000e-01;5.714286e-02;2.001720e-01;nan;8.650725e-03
4.000000e-01;6.428571e-02;2.249824e-01;nan;9.754164e-03
4.000000e-01;7.142857e-02;2.497450e-01;nan;1.086264e-02
4.000000e-01;7.857143e-02;2.744595e-01;nan;1.197618e-02
4.000000e-01;8.571429e-02;2.991258e-01;nan;1.309483e-02
4.000000e-01;9.285714e-02;3.237435e-01;nan;1.421864e-02
4.000000e-01;1.000000e-01;3.483124e-01;nan;1.534763e-02
4.000000e-01;1.071429e-01;3.728322e-01;nan;1.648185e-02
4.000000e-01;1.142857e-01;3.973026e-01;nan;1.762134e-02
4.000000e-01;1.214286e-01;4.217234e-01;nan;1.876614e-02
4.000000e-01;1.285714e-01;4.460943e-01;nan;1.991629e-02
4.000000e-01;1.357143e-01;4.704149e-01;nan;2.107184e-02
4.000000e-01;1.428571e-01;4.946851e-01;nan;2.223281e-02
4.000000e-01;1.500000e-01;5.189045e-01;nan;2.339927e-02
4.000000e-01;1.571429e-01;5.430728e-01;nan;2.457124e-02
4.000000e-01;1.642857e-01;5.671898e-01;nan;2.574878e-02
4.000000e-01;1.714286e-01;5.912552e-01;nan;2.693192e-02
4.000000e-01;1.785714e-01;6.152686e-01;nan;2.812072e-02
4.000000e-01;1.857143e-01;6.392299e-01;nan;2.931521e-02
4.000000e-01;1.928571e-01;6.631385e-01;nan;3.051545e-02
4.000000e-01;2.000000e-01;6.869944e-01;nan;3.172147e-02
4.000000e-01;2.071429e-01;7.107971e-01;nan;3.293333e-02
4.000000e-01;2.142857e-01;7.345464e-01;nan;3.415107e-02
4.000000e-01;2.214286e-01;7.582420e-01;nan;3.537474e-02
4.000000e-01;2.285714e-01;7.818834e-01;nan;3.660439e-02
4.000000e-01;2.357143e-01;8.054705e-01;nan;3.784006e-02
4.000000e-01;2.428571e-01;8.290030e-01;nan;3.908181e-02
4.000000e-01;2.500000e-01;8.524804e-01;nan;4.032969e-02
4.000000e-01;2.571429e-01;8.759024e-01;nan;4.158375e-02
4.000000e-01;2.642857e-01;8.992688e-01;nan;4.284403e-02
4.000000e-01;2.714286e-01;9.225792e-01;nan;4.411059e-02
4.000000e-01;2.785714e-01;9.458332e-01;nan;4.538348e-02
4.000000e-01;2.857143e-01;9.690306e-01;nan;4.666276e-02
4.000000e-01;2.928571e-01;9.921710e-01;nan;4.794848e-02
4.000000e-01;3.000000e-01;1.015254e+00;nan;4.924069e-02
4.000000e-01;3.071429e-01;1.038279e+00;nan;5.053944e-02
4.000000e-01;3.142857e-01;1.061247e+00;nan;5.184481e-02
4.000000e-01;3.214286e-01;1.084156e+00;nan;5.315683e-02
4.000000e-01;3.285714e-01;1.107006e+00;nan;5.447556e-02
4.000000e-01;3.357143e-01;1.129797e+00;nan;5.580108e-02
4.000000e-01;3.428571e-01;1.152528e+00;nan;5.713342e-02
4.000000e-01;3.500000e-01;1.175200e+00;nan;5.847266e-02
4.000000e-01;3.571429e-01;1.197812e+00;nan;5.981885e-02
4.000000e-01;3.642857e-01;1.220363e+00;nan;6.117205e-02
4.000000e-01;3.714286e-01;1.242853e+00;nan;6.253233e-02
4.000000e-01;3.785714e-01;1.265281e+00;nan;6.389974e-02
4.000000e-01;3.857143e-01;1.287648e+00;nan;6.527436e-02
4.000000e-01;3.928571e-01;1.309953e+00;nan;6.665623e-02
4.000000e-01;4.000000e-01;1.332196e+00;nan;6.804544e-02
4.000000e-01;4.071429e-01;1.354375e+00;nan;6.944204e-02
4.000000e-01;4.142857e-01;1.376491e+00;nan;7.084610e-02
4.000000e-01;4.214286e-01;1.398544e+00;nan;7.225769e-02
4.000000e-01;4.285714e-01;1.420532e+00;nan;7.367687e-02
4.000000e-01;4.357143e-01;1.442456e+00;nan;7.510372e-02
4.000000e-01;4.428571e-01;1.464315e+00;nan;7.653830e-02
4.000000e-01;4.500000e-01;1.486108e+00;nan;7.798069e-02
4.000000e-01;4.571429e-01;1.507836e+00;nan;7.943095e-02
4.000000e-01;4.642857e-01;1.529498e+00;nan;8.088917e-02
4.000000e-01;4.714286e-01;1.551093e+00;nan;8.235541e-02
4.000000e-01;4.785714e-01;1.572621e+00;nan;8.382974e-02
4.000000e-01;4.857143e-01;1.594081e+00;nan;8.531225e-02
4.000000e-01;4.928571e-01;1.615474e+00;nan;8.680302e-02
4.000000e-01;5.000000e-01;1.636798e+00;nan;8.830211e-02
4.000000e-01;5.071429e-01;1.658053e+00;nan;8.980961e-02
4.000000e-01;5.142857e-01;1.679239e+00;nan;9.132560e-02
4.000000e-01;5.214286e-01;1.700355e+00;nan;9.285016e-02
4.000000e-01;5.285714e-01;1.721401e+00;nan;9.438337e-02
4.000000e-01;5.357143e-01;1.742376e+00;nan;9.592532e-02
4.000000e-01;5.428571e-01;1.763280e+00;nan;9.747608e-02
4.000000e-01;5.500000e-01;1.784112e+00;nan;9.903576e-02
4.000000e-01;5.571429e-01;1.804872e+00;nan;1.006044e-01
4.000000e-01;5.642857e-01;1.825559e+00;nan;1.021822e-01
4.000000e-01;5.714286e-01;1.846173e+00;nan;1.037691e-01
4.000000e-01;5.785714e-01;1.866714e+00;nan;1.053653e-01
4.000000e-01;5.857143e-01;1.887180e+00;nan;1.069708e-01
4.000000e-01;5.928571e-01;1.907572e+00;nan;1.085858e-01
4.000000e-01;6.000000e-01;1.927888e+00;nan;1.102103e-01
4.000000e-01;6.071429e-01;1.948128e+00;nan;1.118445e-01
4.000000e-01;6.142857e-01;1.968292e+00;nan;1.134884e-01
4.000000e-01;6.214286e-01;1.988380e+00;nan;1.151421e-01
4.000000e-01;6.285714e-01;2.008389e+00;nan;1.168058e-01
4.000000e-01;6.357143e-01;2.028321e+00;nan;1.184795e-01
4.000000e-01;6.428571e-01;2.048174e+00;nan;1.201634e-01
4.000000e-01;6.500000e-01;2.067949e+00;nan;1.218575e-01
4.000000e-01;6.571429e-01;2.087643e+00;nan;1.235619e-01
4.000000e-01;6.642857e-01;2.107257e+00;nan;1.252769e-01
4.000000e-01;6.714286e-01;2.126791e+00;nan;1.270024e-01
4.000000e-01;6.785714e-01;2.146243e+00;nan;1.287386e-01
4.000000e-01;6.857143e-01;2.165612e+00;nan;1.304856e-01
4.000000e-01;6.928571e-01;2.184900e+00;nan;1.322435e-01
4.000000e-01;7.000000e-01;2.204104e+00;nan;1.340124e-01
4.000000e-01;7.071429e-01;2.223223e+00;nan;1.357925e-01
4.000000e-01;7.142857e-01;2.242259e+00;nan;1.375839e-01
4.000000e-01;7.214286e-01;2.261209e+00;nan;1.393867e-01
4.000000e-01;7.285714e-01;2.280073e+00;nan;1.412010e-01
4.000000e-01;7.357143e-01;2.298851e+00;nan;1.430270e-01
4.000000e-01;7.428571e-01;2.317542e+00;nan;1.448647e-01
4.000000e-01;7.500000e-01;2.336145e+00;nan;1.467144e-01
4.000000e-01;7.571429e-01;2.354659e+00;nan;1.485761e-01
4.000000e-01;7.642857e-01;2.373084e+00;nan;1.504500e-01
4.000000e-01;7.714286e-01;2.391419e+00;nan;1.523362e-01
4.000000e-01;7.785714e-01;2.409664e+00;nan;1.542348e-01
4.000000e-01;7.857143e-01;2.427817e+00;nan;1.561461e-01
4.000000e-01;7.928571e-01;2.445878e+00;nan;1.580702e-01
4.000000e-01;8.000000e-01;2.463846e+00;nan;1.600071e-01
4.000000e-01;8.071429e-01;2.481720e+00;nan;1.619571e-01
4.000000e-01;8.142857e-01;2.499500e+00;nan;1.639203e-01
4.000000e-01;8.214286e-01;2.517185e+00;nan;1.658968e-01
4.000000e-01;8.285714e-01;2.534774e+00;nan;1.678869e-01
4.000000e-01;8.357143e-01;2.552267e+00;nan;1.698906e-01
4.000000e-01;8.428571e-01;2.569662e+00;nan;1.719082e-01
4.000000e-01;8.500000e-01;2.586958e+00;nan;1.739398e-01
4.000000e-01;8.571429e-01;2.604155e+00;nan;1.759856e-01
4.000000e-01;8.642857e-01;2.621253e+00;nan;1.780457e-01
4.000000e-01;8.714286e-01;2.638249e+00;nan;1.801204e-01
4.000000e-01;8.785714e-01;2.655144e+00;nan;1.822098e-01
4.000000e-01;8.857143e-01;2.671936e+00;nan;1.843141e-01
4.000000e-01;8.928571e-01;2.688625e+00;nan;1.864335e-01
4.000000e-01;9.000000e-01;2.705209e+00;nan;1.885682e-01
4.000000e-01;9.071429e-01;2.721688e+00;nan;1.907183e-01
4.000000e-01;9.142857e-01;2.738060e+00;nan;1.928841e-01
4.000000e-01;9.214286e-01;2.754326e+00;nan;1.950658e-01
4.000000e-01;9.285714e-01;2.770483e+00;nan;1.972635e-01
4.000000e-01;9.357143e-01;2.786531e+00;nan;1.994775e-01
4.000000e-01;9.428571e-01;2.802469e+00;nan;2.017081e-01
4.000000e-01;9.500000e-01;2.818296e+00;nan;2.039553e-01
4.000000e-01;9.571429e-01;2.834011e+00;nan;2.062195e-01
4.000000e-01;9.642857e-01;2.849612e+00;nan;2.085008e-01
4.000000e-01;9.714286e-01;2.865099e+00;nan;2.107996e-01
4.000000e-01;9.785714e-01;2.880471e+00;nan;2.131160e-01
4.000000e-01;9.857143e-01;2.895726e+00;nan;2.154503e-01
4.000000e-01;9.928571e-01;2.910864e+00;nan;2.178027e-01
4.000000e-01;1.000000e+00;2.925883e+00;nan;2.201734e-01
4.000000e-01;1.007143e+00;2.940783e+00;nan;2.225628e-01
4.000000e-01;1.014286e+00;2.955561e+00;nan;2.249711e-01
4.000000e-01;1.021429e+00;2.970217e+00;nan;2.273986e-01
4.000000e-01;1.028571e+00;2.984750e+00;nan;2.298455e-01
4.000000e-01;1.035714e+00;2.999158e+00;nan;2.323121e-01
4.000000e-01;1.042857e+00;3.013440e+00;nan;2.347987e-01
4.000000e-01;1.050000e+00;3.027595e+00;nan;2.373056e-01
4.000000e-01;1.057143e+00;3.041621e+00;nan;2.398331e-01
4.000000e-01;1.064286e+00;3.055518e+00;nan;2.423815e-01
4.000000e-01;1.071429e+00;3.069283e+00;nan;2.449512e-01
4.000000e-01;1.078571e+00;3.082916e+00;nan;2.475423e-01
4.000000e-01;1.085714e+00;3.096415e+00;nan;2.501553e-01
4.000000e-01;1.092857e+00;3.109779e+00;nan;2.527905e-01
4.000000e-01;1.100000e+00;3.123006e+00;nan;2.554483e-01
4.000000e-01;1.107143e+00;3.136095e+00;nan;2.581289e-01
4.000000e-01;1.114286e+00;3.149043e+00;nan;2.608328e-01
4.000000e-01;1.121429e+00;3.161851e+00;nan;2.635603e-01
4.000000e-01;1.128571e+00;3.174515e+00;nan;2.663118e-01
4.000000e-01;1.135714e+00;3.187035e+00;nan;2.690877e-01
4.000000e-01;1.142857e+00;3.199409e+00;nan;2.718884e-01
4.000000e-01;1.150000e+00;3.211635e+00;nan;2.747142e-01
4.000000e-01;1.157143e+00;3.223711e+00;nan;2.775657e-01
4.000000e-01;1.164286e+00;3.235636e+00;nan;2.804431e-01
4.000000e-01;1.171429e+00;3.247408e+00;nan;2.833471e-01
4.000000e-01;1.178571e+00;3.259025e+00;nan;2.862780e-01
4.000000e-01;1.185714e+00;3.270486e+00;nan;2.892362e-01
4.000000e-01;1.192857e+00;3.281787e+00;nan;2.922223e-01
4.000000e-01;1.200000e+00;3.292928e+00;nan;2.952367e-01
4.000000e-01;1.207143e+00;3.303906e+00;nan;2.982800e-01
4.000000e-01;1.214286e+00;3.314720e+00;nan;3.013527e-01
4.000000e-01;1.221429e+00;3.325367e+00;nan;3.044552e-01
4.000000e-01;1.228571e+00;3.335844e+00;nan;3.075881e-01
4.000000e-01;1.235714e+00;3.346151e+00;nan;3.107521e-01
4.000000e-01;1.242857e+00;3.356284e+00;nan;3.139476e-01
4.000000e-01;1.250000e+00;3.366242e+00;nan;3.171753e-01
4.000000e-01;1.257143e+00;3.376022e+00;nan;3.204357e-01
4.000000e-01;1.264286e+00;3.385621e+00;nan;3.237295e-01
4.000000e-01;1.271429e+00;3.395038e+00;nan;3.270574e-01
4.000000e-01;1.278571e+00;3.404268e+00;nan;3.304200e-01
4.000000e-01;1.285714e+00;3.413311e+00;nan;3.338180e-01
4.000000e-01;1.292857e+00;3.422163e+00;nan;3.372521e-01
4.000000e-01;1.300000e+00;3.430822e+00;nan;3.407230e-01
4.000000e-01;1.307143e+00;3.439284e+00;nan;3.442316e-01
4.000000e-01;1.314286e+00;3.447547e+00;nan;3.477785e-01
4.000000e-01;1.321429e+00;3.455607e+00;nan;3.513646e-01
4.000000e-01;1.328571e+00;3.463462e+00;nan;3.549907e-01
4.000000e-01;1.335714e+00;3.471109e+00;nan;3.586576e-01
4.000000e-01;1.342857e+00;3.478544e+00;nan;3.623664e-01
4.000000e-01;1.350000e+00;3.485763e+00;nan;3.661178e-01
4.000000e-01;1.357143e+00;3.492764e+00;nan;3.699129e-01
4.000000e-01;1.364286e+00;3.499543e+00;nan;3.737526e-01
4.000000e-01;1.371429e+00;3.506096e+00;nan;3.776380e-01
4.000000e-01;1.378571e+00;3.512419e+00;nan;3.815700e-01
4.000000e-01;1.385714e+00;3.518508e+00;nan;3.855499e-01
4.000000e-01;1.392857e+00;3.524359e+00;nan;3.895788e-01
4.000000e-01;1.400000e+00;3.529968e+00;nan;3.936578e-01
4.000000e-01;1.407143e+00;3.535331e+00;nan;3.977882e-01
4.000000e-01;1.414286e+00;3.540842e+00;nan;4.018188e-01
4.000000e-01;1.421429e+00;3.547559e+00;nan;4.054215e-01
4.000000e-01;1.428571e+00;3.554834e+00;nan;4.088546e-01
4.000000e-01;1.435714e+00;3.562477e+00;nan;4.121802e-01
4.000000e-01;1.442857e+00;3.570378e+00;nan;4.154301e-01
4.000000e-01;1.450000e+00;3.578543e+00;nan;4.186071e-01
4.000000e-01;1.457143e+00;3.586870e+00;nan;4.217366e-01
4.000000e-01;1.464286e+00;3.595347e+00;nan;4.248228e-01
4.000000e-01;1.471429e+00;3.603970e+00;nan;4.278684e-01
4.000000e-01;1.478571e+00;3.612725e+00;nan;4.308770e-01
4.000000e-01;1.485714e+00;3.621583e+00;nan;4.338558e-01
4.000000e-01;1.492857e+00;3.630535e+00;nan;4.368074e-01
4.000000e-01;1.500000e+00;3.639594e+00;nan;4.397298e-01
4.000000e-01;1.507143e+00;3.648734e+00;nan;4.426288e-01
4.000000e-01;1.514286e+00;3.657944e+00;nan;4.455072e-01
4.000000e-01;1.521429e+00;3.667211e+00;nan;4.483674e-01
4.000000e-01;1.528571e+00;3.676522e+00;nan;4.512120e-01
4.000000e-01;1.535714e+00;3.685921e+00;nan;4.540341e-01
4.000000e-01;1.542857e+00;3.695384e+00;nan;4.568383e-01
4.000000e-01;1.550000e+00;3.704866e+00;nan;4.596322e-01
4.000000e-01;1.557143e+00;3.714395e+00;nan;4.624114e-01
4.000000e-01;1.564286e+00;3.724009e+00;nan;4.651705e-01
4.000000e-01;1.571429e+00;3.733615e+00;nan;4.679243e-01
4.000000e-01;1.578571e+00;3.743290e+00;nan;4.706608e-01
4.000000e-01;1.585714e+00;3.753003e+00;nan;4.733854e-01
4.000000e-01;1.592857e+00;3.762705e+00;nan;4.761056e-01
4.000000e-01;1.600000e+00;3.772514e+00;nan;4.788037e-01
4.000000e-01;1.607143e+00;3.782273e+00;nan;4.815036e-01
4.000000e-01;1.614286e+00;3.792142e+00;nan;4.841815e-01
4.000000e-01;1.621429e+00;3.801969e+00;nan;4.868602e-01
4.000000e-01;1.628571e+00;3.811880e+00;nan;4.895214e-01
4.000000e-01;1.635714e+00;3.821762e+00;nan;4.921815e-01
4.000000e-01;1.642857e+00;3.831719e+00;nan;4.948258e-01
4.000000e-01;1.650000e+00;3.841641e+00;nan;4.974700e-01
4.000000e-01;1.657143e+00;3.851649e+00;nan;5.000972e-01
4.000000e-01;1.664286e+00;3.861595e+00;nan;5.027281e-01
4.000000e-01;1.671429e+00;3.871659e+00;nan;5.053382e-01
4.000000e-01;1.678571e+00;3.881637e+00;nan;5.079552e-01
4.000000e-01;1.685714e+00;3.891738e+00;nan;5.105514e-01
4.000000e-01;1.692857e+00;3.901778e+00;nan;5.131508e-01
4.000000e-01;1.700000e+00;3.911870e+00;nan;5.157392e-01
4.000000e-01;1.707143e+00;3.921978e+00;nan;5.183212e-01
4.000000e-01;1.714286e+00;3.932043e+00;nan;5.209043e-01
4.000000e-01;1.721429e+00;3.942221e+00;nan;5.234689e-01
4.000000e-01;1.728571e+00;3.952320e+00;nan;5.260392e-01
4.000000e-01;1.735714e+00;3.962492e+00;nan;5.285965e-01
4.000000e-01;1.742857e+00;3.972668e+00;nan;5.311493e-01
4.000000e-01;1.750000e+00;3.982773e+00;nan;5.337065e-01
4.000000e-01;1.757143e+00;3.993028e+00;nan;5.362419e-01
4.000000e-01;1.764286e+00;4.003209e+00;nan;5.387823e-01
4.000000e-01;1.771429e+00;4.013383e+00;nan;5.413197e-01
4.000000e-01;1.778571e+00;4.023649e+00;nan;5.438426e-01
4.000000e-01;1.785714e+00;4.033843e+00;nan;5.463702e-01
4.000000e-01;1.792857e+00;4.044066e+00;nan;5.488908e-01
4.000000e-01;1.800000e+00;4.054350e+00;nan;5.514009e-01
4.000000e-01;1.807143e+00;4.064564e+00;nan;5.539154e-01
4.000000e-01;1.814286e+00;4.074813e+00;nan;5.564224e-01
4.000000e-01;1.821429e+00;4.085122e+00;nan;5.589193e-01
4.000000e-01;1.828571e+00;4.095363e+00;nan;5.614204e-01
4.000000e-01;1.835714e+00;4.105616e+00;nan;5.639168e-01
4.000000e-01;1.842857e+00;4.115956e+00;nan;5.664004e-01
4.000000e-01;1.850000e+00;4.126230e+00;nan;5.688879e-01
4.000000e-01;1.857143e+00;4.136461e+00;nan;5.713767e-01
4.000000e-01;1.864286e+00;4.146839e+00;nan;5.738470e-01
4.000000e-01;1.871429e+00;4.157153e+00;nan;5.763207e-01
4.000000e-01;1.878571e+00;4.167403e+00;nan;5.787979e-01
4.000000e-01;1.885714e+00;4.177754e+00;nan;5.812617e-01
4.000000e-01;1.892857e+00;4.188114e+00;nan;5.837216e-01
4.000000e-01;1.900000e+00;4.198412e+00;nan;5.861847e-01
4.000000e-01;1.907143e+00;4.208685e+00;nan;5.886474e-01
4.000000e-01;1.914286e+00;4.219096e+00;nan;5.910936e-01
4.000000e-01;1.921429e+00;4.229447e+00;nan;5.935427e-01
4.000000e-01;1.928571e+00;4.239738e+00;nan;5.959947e-01
4.000000e-01;1.935714e+00;4.250076e+00;nan;5.984395e-01
4.000000e-01;1.942857e+00;4.260485e+00;nan;6.008746e-01
4.000000e-01;1.950000e+00;4.270837e+00;nan;6.033125e-01
4.000000e-01;1.957143e+00;4.281130e+00;nan;6.057531e-01
4.000000e-01;1.964286e+00;4.291503e+00;nan;6.081836e-01
4.000000e-01;1.971429e+00;4.301920e+00;nan;6.106074e-01
4.000000e-01;1.978571e+00;4.312280e+00;nan;6.130336e-01
4.000000e-01;1.985714e+00;4.322585e+00;nan;6.154624e-01
4.000000e-01;1.992857e+00;4.332959e+00;nan;6.178824e-01
4.000000e-01;2.000000e+00;4.343391e+00;nan;6.202945e-01
4.000000e-01;2.000000e+00;4.343391e+00;nan;6.202945e-01
4.000000e-01;2.171429e+00;4.592718e+00;nan;6.775800e-01
4.000000e-01;2.342857e+00;4.842114e+00;nan;7.336996e-01
4.000000e-01;2.514286e+00;5.090907e+00;nan;7.889081e-01
4.000000e-01;2.685714e+00;5.339020e+00;nan;8.433603e-01
4.000000e-01;2.857143e+00;5.585798e+00;nan;8.971919e-01
4.000000e-01;3.028571e+00;5.831734e+00;5.782987e+00;9.504681e-01
4.000000e-01;3.200000e+00;6.076901e+00;6.020926e+00;1.003258e+00
4.000000e-01;3.371429e+00;6.321019e+00;6.259109e+00;1.055625e+00
4.000000e-01;3.542857e+00;6.563640e+00;6.497272e+00;1.107611e+00
4.000000e-01;3.714286e+00;6.805384e+00;6.735235e+00;1.159246e+00
4.000000e-01;3.885714e+00;7.046569e+00;6.972872e+00;1.210564e+00
4.000000e-01;4.057143e+00;7.286616e+00;7.210099e+00;1.261590e+00
4.000000e-01;4.228571e+00;7.525609e+00;7.446858e+00;1.312343e+00
4.000000e-01;4.400000e+00;7.763438e+00;7.683113e+00;1.362838e+00
4.000000e-01;4.571429e+00;8.000766e+00;7.918839e+00;1.413103e+00
4.000000e-01;4.742857e+00;8.238123e+00;8.154023e+00;1.463169e+00
4.000000e-01;4.914286e+00;8.473902e+00;8.388658e+00;1.513012e+00
4.000000e-01;5.085714e+00;8.707990e+00;8.622745e+00;1.562626e+00
4.000000e-01;5.257143e+00;8.943742e+00;8.856286e+00;1.612137e+00
4.000000e-01;5.428571e+00;9.176139e+00;9.089287e+00;1.661379e+00
4.000000e-01;5.600000e+00;9.410646e+00;9.321757e+00;1.710561e+00
4.000000e-01;5.771429e+00;9.641514e+00;9.553705e+00;1.759464e+00
4.000000e-01;5.942857e+00;9.875187e+00;9.785141e+00;1.808366e+00
4.000000e-01;6.114286e+00;1.010458e+01;1.001608e+01;1.856954e+00
4.000000e-01;6.285714e+00;1.033706e+01;1.024652e+01;1.905586e+00
4.000000e-01;6.457143e+00;1.056714e+01;1.047649e+01;1.953992e+00
4.000000e-01;6.628571e+00;1.079502e+01;1.070600e+01;2.002185e+00
4.000000e-01;6.800000e+00;1.102658e+01;1.093505e+01;2.050489e+00
4.000000e-01;6.971429e+00;1.125479e+01;1.116365e+01;2.098515e+00
4.000000e-01;7.142857e+00;1.148039e+01;1.139183e+01;2.146302e+00
4.000000e-01;7.314286e+00;1.171117e+01;1.161958e+01;2.194327e+00
4.000000e-01;7.485714e+00;1.193903e+01;1.184693e+01;2.242097e+00
4.000000e-01;7.657143e+00;1.216390e+01;1.207388e+01;2.289600e+00
4.000000e-01;7.828571e+00;1.238979e+01;1.230044e+01;2.337105e+00
4.000000e-01;8.000000e+00;1.261854e+01;1.252662e+01;2.384738e+00
4.000000e-01;8.171429e+00;1.284476e+01;1.275243e+01;2.432136e+00
4.000000e-01;8.342857e+00;1.306839e+01;1.297789e+01;2.479288e+00
4.000000e-01;8.514286e+00;1.328959e+01;1.320299e+01;2.526204e+00
4.000000e-01;8.685714e+00;1.351802e+01;1.342775e+01;2.573602e+00
4.000000e-01;8.857143e+00;1.374434e+01;1.365217e+01;2.620791e+00
4.000000e-01;9.028571e+00;1.396847e+01;1.387627e+01;2.667764e+00
4.000000e-01;9.200000e+00;1.419039e+01;1.410006e+01;2.714515e+00
4.000000e-01;9.371429e+00;1.441003e+01;1.432353e+01;2.761036e+00
4.000000e-01;9.542857e+00;1.463403e+01;1.454670e+01;2.807863e+00
4.000000e-01;9.714286e+00;1.485996e+01;1.476957e+01;2.854807e+00
4.000000e-01;9.885714e+00;1.508411e+01;1.499216e+01;2.901563e+00
4.000000e-01;1.005714e+01;1.530642e+01;1.521446e+01;2.948126e+00
4.000000e-01;1.022857e+01;1.552687e+01;1.543649e+01;2.994492e+00
4.000000e-01;1.040000e+01;1.574541e+01;1.565824e+01;3.040654e+00
4.000000e-01;1.057143e+01;1.596201e+01;1.587974e+01;3.086607e+00
4.000000e-01;1.074286e+01;1.618660e+01;1.610097e+01;3.133229e+00
4.000000e-01;1.091429e+01;1.641082e+01;1.632195e+01;3.179788e+00
4.000000e-01;1.108571e+01;1.663358e+01;1.654269e+01;3.226185e+00
4.000000e-01;1.125714e+01;1.685485e+01;1.676318e+01;3.272416e+00
4.000000e-01;1.142857e+01;1.707460e+01;1.698343e+01;3.318477e+00
4.000000e-01;1.160000e+01;1.729280e+01;1.720346e+01;3.364364e+00
4.000000e-01;1.177143e+01;1.750942e+01;1.742325e+01;3.410072e+00
4.000000e-01;1.194286e+01;1.772445e+01;1.764282e+01;3.455598e+00
4.000000e-01;1.211429e+01;1.794059e+01;1.786218e+01;3.501201e+00
4.000000e-01;1.228571e+01;1.816418e+01;1.808131e+01;3.547495e+00
4.000000e-01;1.245714e+01;1.838662e+01;1.830024e+01;3.593655e+00
4.000000e-01;1.262857e+01;1.860789e+01;1.851896e+01;3.639679e+00
4.000000e-01;1.280000e+01;1.882799e+01;1.873748e+01;3.685563e+00
4.000000e-01;1.297143e+01;1.904688e+01;1.895580e+01;3.731306e+00
4.000000e-01;1.314286e+01;1.926455e+01;1.917393e+01;3.776904e+00
4.000000e-01;1.331429e+01;1.948098e+01;1.939187e+01;3.822353e+00
4.000000e-01;1.348571e+01;1.969616e+01;1.960961e+01;3.867652e+00
4.000000e-01;1.365714e+01;1.991005e+01;1.982717e+01;3.912797e+00
4.000000e-01;1.382857e+01;2.012265e+01;2.004455e+01;3.957785e+00
4.000000e-01;1.400000e+01;2.033393e+01;2.026176e+01;4.002612e+00
4.000000e-01;1.417143e+01;2.055261e+01;2.047878e+01;4.048191e+00
4.000000e-01;1.434286e+01;2.077405e+01;2.069564e+01;4.094043e+00
4.000000e-01;1.451429e+01;2.099461e+01;2.091233e+01;4.139786e+00
4.000000e-01;1.468571e+01;2.121428e+01;2.112885e+01;4.185419e+00
4.000000e-01;1.485714e+01;2.143305e+01;2.134520e+01;4.230940e+00
4.000000e-01;1.502857e+01;2.165091e+01;2.156140e+01;4.276346e+00
4.000000e-01;1.520000e+01;2.186783e+01;2.177743e+01;4.321636e+00
4.000000e-01;1.537143e+01;2.208382e+01;2.199332e+01;4.366808e+00
4.000000e-01;1.554286e+01;2.229886e+01;2.220904e+01;4.411860e+00
4.000000e-01;1.571429e+01;2.251293e+01;2.242462e+01;4.456790e+00
4.000000e-01;1.588571e+01;2.272603e+01;2.264005e+01;4.501595e+00
4.000000e-01;1.605714e+01;2.293814e+01;2.285533e+01;4.546274e+00
4.000000e-01;1.622857e+01;2.314925e+01;2.307047e+01;4.590825e+00
4.000000e-01;1.640000e+01;2.335934e+01;2.328547e+01;4.635245e+00
4.000000e-01;1.657143e+01;2.356841e+01;2.350032e+01;4.679532e+00
4.000000e-01;1.674286e+01;2.377643e+01;2.371504e+01;4.723683e+00
4.000000e-01;1.691429e+01;2.399140e+01;2.392963e+01;4.768610e+00
4.000000e-01;1.708571e+01;2.421111e+01;2.414408e+01;4.814065e+00
4.000000e-01;1.725714e+01;2.443019e+01;2.435840e+01;4.859436e+00
4.000000e-01;1.742857e+01;2.464862e+01;2.457259e+01;4.904723e+00
4.000000e-01;1.760000e+01;2.486640e+01;2.478665e+01;4.949926e+00
4.000000e-01;1.777143e+01;2.508353e+01;2.500058e+01;4.995041e+00
4.000000e-01;1.794286e+01;2.530000e+01;2.521439e+01;5.040070e+00
4.000000e-01;1.811429e+01;2.551579e+01;2.542808e+01;5.085009e+00
4.000000e-01;1.828571e+01;2.573092e+01;2.564165e+01;5.129859e+00
4.000000e-01;1.845714e+01;2.594536e+01;2.585510e+01;5.174618e+00
4.000000e-01;1.862857e+01;2.615910e+01;2.606843e+01;5.219284e+00
4.000000e-01;1.880000e+01;2.637215e+01;2.628164e+01;5.263857e+00
4.000000e-01;1.897143e+01;2.658450e+01;2.649474e+01;5.308335e+00
4.000000e-01;1.914286e+01;2.679613e+01;2.670772e+01;5.352717e+00
4.000000e-01;1.931429e+01;2.700704e+01;2.692060e+01;5.397001e+00
4.000000e-01;1.948571e+01;2.721722e+01;2.713336e+01;5.441187e+00
4.000000e-01;1.965714e+01;2.742666e+01;2.734602e+01;5.485272e+00
4.000000e-01;1.982857e+01;2.763536e+01;2.755857e+01;5.529256e+00
4.000000e-01;2.000000e+01;2.784331e+01;2.777101e+01;5.573136e+00
4.000000e-01;2.017143e+01;2.805049e+01;2.798334e+01;5.616913e+00
4.000000e-01;2.034286e+01;2.825690e+01;2.819558e+01;5.660583e+00
4.000000e-01;2.051429e+01;2.846254e+01;2.840771e+01;5.704146e+00
4.000000e-01;2.068571e+01;2.866739e+01;2.861974e+01;5.747600e+00
4.000000e-01;2.085714e+01;2.887144e+01;2.883167e+01;5.790943e+00
4.000000e-01;2.102857e+01;2.908344e+01;2.904350e+01;5.835260e+00
4.000000e-01;2.120000e+01;2.930110e+01;2.925524e+01;5.880274e+00
4.000000e-01;2.137143e+01;2.951834e+01;2.946688e+01;5.925229e+00
4.000000e-01;2.154286e+01;2.973516e+01;2.967842e+01;5.970125e+00
4.000000e-01;2.171429e+01;2.995155e+01;2.988987e+01;6.014961e+00
4.000000e-01;2.188571e+01;3.016750e+01;3.010123e+01;6.059737e+00
4.000000e-01;2.205714e+01;3.038302e+01;3.031249e+01;6.104451e+00
4.000000e-01;2.222857e+01;3.059809e+01;3.052367e+01;6.149104e+00
4.000000e-01;2.240000e+01;3.081272e+01;3.073475e+01;6.193694e+00
4.000000e-01;2.257143e+01;3.102690e+01;3.094575e+01;6.238221e+00
4.000000e-01;2.274286e+01;3.124063e+01;3.115666e+01;6.282684e+00
4.000000e-01;2.291429e+01;3.145391e+01;3.136748e+01;6.327084e+00
4.000000e-01;2.308571e+01;3.166672e+01;3.157822e+01;6.371418e+00
4.000000e-01;2.325714e+01;3.187907e+01;3.178887e+01;6.415686e+00
4.000000e-01;2.342857e+01;3.209095e+01;3.199943e+01;6.459888e+00
4.000000e-01;2.360000e+01;3.230236e+01;3.220992e+01;6.504023e+00
4.000000e-01;2.377143e+01;3.251330e+01;3.242032e+01;6.548090e+00
4.000000e-01;2.394286e+01;3.272375e+01;3.263064e+01;6.592089e+00
4.000000e-01;2.411429e+01;3.293372e+01;3.284088e+01;6.636018e+00
4.000000e-01;2.428571e+01;3.314320e+01;3.305104e+01;6.679878e+00
4.000000e-01;2.445714e+01;3.335219e+01;3.326112e+01;6.723666e+00
4.000000e-01;2.462857e+01;3.356068e+01;3.347112e+01;6.767384e+00
4.000000e-01;2.480000e+01;3.376867e+01;3.368105e+01;6.811029e+00
4.000000e-01;2.497143e+01;3.397616e+01;3.389090e+01;6.854600e+00
4.000000e-01;2.514286e+01;3.418313e+01;3.410068e+01;6.898099e+00
4.000000e-01;2.531429e+01;3.438959e+01;3.431038e+01;6.941522e+00
4.000000e-01;2.548571e+01;3.459553e+01;3.452000e+01;6.984870e+00
4.000000e-01;2.565714e+01;3.480094e+01;3.472955e+01;7.028142e+00
4.000000e-01;2.582857e+01;3.500583e+01;3.493903e+01;7.071336e+00
4.000000e-01;2.600000e+01;3.521018e+01;3.514844e+01;7.114453e+00
4.000000e-01;2.617143e+01;3.541400e+01;3.535778e+01;7.157490e+00
4.000000e-01;2.634286e+01;3.561727e+01;3.556704e+01;7.200448e+00
4.000000e-01;2.651429e+01;3.581999e+01;3.577624e+01;7.243326e+00
4.000000e-01;2.668571e+01;3.602216e+01;3.598536e+01;7.286121e+00
4.000000e-01;2.685714e+01;3.622377e+01;3.619442e+01;7.328835e+00
4.000000e-01;2.702857e+01;3.642482e+01;3.640341e+01;7.371465e+00
4.000000e-01;2.720000e+01;3.662530e+01;3.661233e+01;7.414010e+00
4.000000e-01;2.737143e+01;3.682521e+01;3.682119e+01;7.456471e+00
4.000000e-01;2.754286e+01;3.702453e+01;3.702998e+01;7.498845e+00
4.000000e-01;2.771429e+01;3.722577e+01;3.723870e+01;7.541470e+00
4.000000e-01;2.788571e+01;3.744123e+01;3.744736e+01;7.586019e+00
4.000000e-01;2.805714e+01;3.765645e+01;3.765596e+01;7.630531e+00
4.000000e-01;2.822857e+01;3.787142e+01;3.786449e+01;7.675007e+00
4.000000e-01;2.840000e+01;3.808614e+01;3.807296e+01;7.719447e+00
4.000000e-01;2.857143e+01;3.830061e+01;3.828136e+01;7.763849e+00
4.000000e-01;2.874286e+01;3.851483e+01;3.848971e+01;7.808214e+00
4.000000e-01;2.891429e+01;3.872879e+01;3.869799e+01;7.852541e+00
4.000000e-01;2.908571e+01;3.894250e+01;3.890621e+01;7.896830e+00
4.000000e-01;2.925714e+01;3.915595e+01;3.911437e+01;7.941081e+00
4.000000e-01;2.942857e+01;3.936915e+01;3.932248e+01;7.985293e+00
4.000000e-01;2.960000e+01;3.958208e+01;3.953052e+01;8.029467e+00
4.000000e-01;2.977143e+01;3.979475e+01;3.973850e+01;8.073602e+00
4.000000e-01;2.994286e+01;4.000716e+01;3.994643e+01;8.117697e+00
4.000000e-01;3.011429e+01;4.021930e+01;4.015429e+01;8.161752e+00
4.000000e-01;3.028571e+01;4.043118e+01;4.036210e+01;8.205767e+00
4.000000e-01;3.045714e+01;4.064278e+01;4.056986e+01;8.249742e+00
4.000000e-01;3.062857e+01;4.085412e+01;4.077755e+01;8.293677e+00
4.000000e-01;3.080000e+01;4.106518e+01;4.098520e+01;8.337570e+00
4.000000e-01;3.097143e+01;4.127597e+01;4.119278e+01;8.381422e+00
4.000000e-01;3.114286e+01;4.148648e+01;4.140031e+01;8.425233e+00
4.000000e-01;3.131429e+01;4.169672e+01;4.160779e+01;8.469001e+00
4.000000e-01;3.148571e+01;4.190667e+01;4.181521e+01;8.512728e+00
4.000000e-01;3.165714e+01;4.211634e+01;4.202258e+01;8.556411e+00
4.000000e-01;3.182857e+01;4.232573e+01;4.222989e+01;8.600052e+00
4.000000e-01;3.200000e+01;4.253483e+01;4.243715e+01;8.643650e+00
4.000000e-01;3.217143e+01;4.274365e+01;4.264436e+01;8.687204e+00
4.000000e-01;3.234286e+01;4.295218e+01;4.285152e+01;8.730714e+00
4.000000e-01;3.251429e+01;4.316041e+01;4.305863e+01;8.774180e+00
4.000000e-01;3.268571e+01;4.336835e+01;4.326568e+01;8.817601e+00
4.000000e-01;3.285714e+01;4.357600e+01;4.347268e+01;8.860977e+00
4.000000e-01;3.302857e+01;4.378335e+01;4.367964e+01;8.904308e+00
4.000000e-01;3.320000e+01;4.399040e+01;4.388654e+01;8.947593e+00
4.000000e-01;3.337143e+01;4.419714e+01;4.409340e+01;8.990832e+00
4.000000e-01;3.354286e+01;4.440359e+01;4.430020e+01;9.034024e+00
4.000000e-01;3.371429e+01;4.460973e+01;4.450696e+01;9.077170e+00
4.000000e-01;3.388571e+01;4.481556e+01;4.471366e+01;9.120268e+00
4.000000e-01;3.405714e+01;4.502108e+01;4.492032e+01;9.163319e+00
4.000000e-01;3.422857e+01;4.522629e+01;4.512693e+01;9.206322e+00
4.000000e-01;3.440000e+01;4.543118e+01;4.533350e+01;9.249276e+00
4.000000e-01;3.457143e+01;4.563576e+01;4.554002e+01;9.292182e+00
4.000000e-01;3.474286e+01;4.584002e+01;4.574649e+01;9.335038e+00
4.000000e-01;3.491429e+01;4.604395e+01;4.595291e+01;9.377845e+00
4.000000e-01;3.508571e+01;4.624757e+01;4.615929e+01;9.420602e+00
4.000000e-01;3.525714e+01;4.645086e+01;4.636562e+01;9.463308e+00
4.000000e-01;3.542857e+01;4.665382e+01;4.657191e+01;9.505964e+00
4.000000e-01;3.560000e+01;4.685645e+01;4.677815e+01;9.548568e+00
4.000000e-01;3.577143e+01;4.705875e+01;4.698434e+01;9.591120e+00
4.000000e-01;3.594286e+01;4.726071e+01;4.719050e+01;9.633621e+00
4.000000e-01;3.611429e+01;4.746234e+01;4.739661e+01;9.676069e+00
4.000000e-01;3.628571e+01;4.766363e+01;4.760267e+01;9.718464e+00
4.000000e-01;3.645714e+01;4.786457e+01;4.780869e+01;9.760805e+00
4.000000e-01;3.662857e+01;4.806517e+01;4.801467e+01;9.803092e+00
4.000000e-01;3.680000e+01;4.826543e+01;4.822060e+01;9.845326e+00
4.000000e-01;3.697143e+01;4.846533e+01;4.842650e+01;9.887504e+00
4.000000e-01;3.714286e+01;4.866488e+01;4.863235e+01;9.929627e+00
4.000000e-01;3.731429e+01;4.886408e+01;4.883816e+01;9.971694e+00
4.000000e-01;3.748571e+01;4.906292e+01;4.904392e+01;1.001370e+01
4.000000e-01;3.765714e+01;4.926140e+01;4.924965e+01;1.005566e+01
4.000000e-01;3.782857e+01;4.945952e+01;4.945533e+01;1.009756e+01
4.000000e-01;3.800000e+01;4.965727e+01;4.966097e+01;1.013940e+01
4.000000e-01;3.817143e+01;4.985466e+01;4.986658e+01;1.018118e+01
4.000000e-01;3.834286e+01;5.005167e+01;5.007214e+01;1.022290e+01
4.000000e-01;3.851429e+01;5.024831e+01;5.027766e+01;1.026456e+01
4.000000e-01;3.868571e+01;5.044458e+01;5.048314e+01;1.030616e+01
4.000000e-01;3.885714e+01;5.064047e+01;5.068859e+01;1.034771e+01
4.000000e-01;3.902857e+01;5.083597e+01;5.089399e+01;1.038919e+01
4.000000e-01;3.920000e+01;5.103109e+01;5.109935e+01;1.043061e+01
4.000000e-01;3.937143e+01;5.122583e+01;5.130468e+01;1.047197e+01
4.000000e-01;3.954286e+01;5.142017e+01;5.150997e+01;1.051326e+01
4.000000e-01;3.971429e+01;5.161412e+01;5.171522e+01;1.055450e+01
4.000000e-01;3.988571e+01;5.180767e+01;5.192043e+01;1.059567e+01
4.000000e-01;4.005714e+01;5.200083e+01;5.212560e+01;1.063677e+01
4.000000e-01;4.022857e+01;5.219358e+01;5.233074e+01;1.067781e+01
4.000000e-01;4.040000e+01;5.238593e+01;5.253583e+01;1.071879e+01
4.000000e-01;4.057143e+01;5.257787e+01;5.274090e+01;1.075970e+01
4.000000e-01;4.074286e+01;5.277561e+01;5.294592e+01;1.080147e+01
4.000000e-01;4.091429e+01;5.298838e+01;5.315091e+01;1.084548e+01
4.000000e-01;4.108571e+01;5.320103e+01;5.335586e+01;1.088948e+01
4.000000e-01;4.125714e+01;5.341358e+01;5.356077e+01;1.093346e+01
4.000000e-01;4.142857e+01;5.362601e+01;5.376565e+01;1.097742e+01
4.000000e-01;4.160000e+01;5.383834e+01;5.397050e+01;1.102136e+01
4.000000e-01;4.177143e+01;5.405056e+01;5.417531e+01;1.106529e+01
4.000000e-01;4.194286e+01;5.426266e+01;5.438008e+01;1.110920e+01
4.000000e-01;4.211429e+01;5.447465e+01;5.458482e+01;1.115309e+01
4.000000e-01;4.228571e+01;5.468653e+01;5.478952e+01;1.119696e+01
4.000000e-01;4.245714e+01;5.489830e+01;5.499419e+01;1.124082e+01
4.000000e-01;4.262857e+01;5.510995e+01;5.519882e+01;1.128465e+01
4.000000e-01;4.280000e+01;5.532149e+01;5.540342e+01;1.132847e+01
4.000000e-01;4.297143e+01;5.553292e+01;5.560799e+01;1.137227e+01
4.000000e-01;4.314286e+01;5.574423e+01;5.581252e+01;1.141605e+01
4.000000e-01;4.331429e+01;5.595542e+01;5.601702e+01;1.145982e+01
4.000000e-01;4.348571e+01;5.616650e+01;5.622148e+01;1.150356e+01
4.000000e-01;4.365714e+01;5.637746e+01;5.642592e+01;1.154729e+01
4.000000e-01;4.382857e+01;5.658830e+01;5.663031e+01;1.159100e+01
4.000000e-01;4.400000e+01;5.679902e+01;5.683468e+01;1.163469e+01
4.000000e-01;4.417143e+01;5.700963e+01;5.703901e+01;1.167836e+01
4.000000e-01;4.434286e+01;5.722012e+01;5.724331e+01;1.172201e+01
4.000000e-01;4.451429e+01;5.743048e+01;5.744758e+01;1.176564e+01
4.000000e-01;4.468571e+01;5.764073e+01;5.765182e+01;1.180925e+01
4.000000e-01;4.485714e+01;5.785085e+01;5.785602e+01;1.185285e+01
4.000000e-01;4.502857e+01;5.806085e+01;5.806020e+01;1.189642e+01
4.000000e-01;4.520000e+01;5.827073e+01;5.826434e+01;1.193997e+01
4.000000e-01;4.537143e+01;5.848049e+01;5.846845e+01;1.198351e+01
4.000000e-01;4.554286e+01;5.869012e+01;5.867253e+01;1.202702e+01
4.000000e-01;4.571429e+01;5.889963e+01;5.887658e+01;1.207052e+01
4.000000e-01;4.588571e+01;5.910901e+01;5.908059e+01;1.211399e+01
4.000000e-01;4.605714e+01;5.931826e+01;5.928458e+01;1.215744e+01
4.000000e-01;4.622857e+01;5.952739e+01;5.948854e+01;1.220088e+01
4.000000e-01;4.640000e+01;5.973640e+01;5.969246e+01;1.224429e+01
4.000000e-01;4.657143e+01;5.994527e+01;5.989636e+01;1.228768e+01
4.000000e-01;4.674286e+01;6.015401e+01;6.010022e+01;1.233106e+01
4.000000e-01;4.691429e+01;6.036263e+01;6.030406e+01;1.237441e+01
4.000000e-01;4.708571e+01;6.057112e+01;6.050786e+01;1.241774e+01
4.000000e-01;4.725714e+01;6.077947e+01;6.071164e+01;1.246105e+01
4.000000e-01;4.742857e+01;6.098770e+01;6.091539e+01;1.250434e+01
4.000000e-01;4.760000e+01;6.119579e+01;6.111911e+01;1.254760e+01
4.000000e-01;4.777143e+01;6.140375e+01;6.132279e+01;1.259085e+01
4.000000e-01;4.794286e+01;6.161157e+01;6.152646e+01;1.263407e+01
4.000000e-01;4.811429e+01;6.181926e+01;6.173009e+01;1.267727e+01
4.000000e-01;4.828571e+01;6.202682e+01;6.193369e+01;1.272046e+01
4.000000e-01;4.845714e+01;6.223424e+01;6.213726e+01;1.276361e+01
4.000000e-01;4.862857e+01;6.244152e+01;6.234081e+01;1.280675e+01
4.000000e-01;4.880000e+01;6.264867e+01;6.254433e+01;1.284986e+01
4.000000e-01;4.897143e+01;6.285567e+01;6.274782e+01;1.289296e+01
4.000000e-01;4.914286e+01;6.306254e+01;6.295128e+01;1.293603e+01
4.000000e-01;4.931429e+01;6.326927e+01;6.315472e+01;1.297907e+01
4.000000e-01;4.948571e+01;6.347586e+01;6.335812e+01;1.302210e+01
4.000000e-01;4.965714e+01;6.368231e+01;6.356150e+01;1.306510e+01
4.000000e-01;4.982857e+01;6.388861e+01;6.376485e+01;1.310808e+01
4.000000e-01;5.000000e+01;6.409477e+01;6.396818e+01;1.315103e+01
